configuration,tag,force_target_N,trace,tail_slope_um_s,tail_slope_R2,tail_vt_mean_um_s,tail_vt_std_um_s,tail_vt_rms_um_s,hold_displacement_um,tail_Fn_mean_N,tail_Fn_cv,tail_Ft_mean_N,tail_rho_mean,tail_contact_duty,tail_contacts_mean,tail_gap_mean_mm,tail_gap_std_um,tail_max_body_vz_rms_mm_s,tail_solver_iterations_mean,tail_solver_iterations_max
impratio_10,tc1ms_ir10_ns0,1.0,exp-results/frictional-stack-v3/force-holds/mujoco-native/tc1ms_ir10_ns0/trace_F_1N.csv,2.639953142916852,0.9999999999999976,2.6399531427815193,2.942595530032887e-07,2.639953142781536,21.121033749878755,9.809981770178805,9.394220658177967e-10,0.9999999999987529,0.20387397722565304,1.0,4.0,-0.0005468514755057457,2.588094397077727e-05,7.451469780202802e-08,1.0,1
impratio_10,tc1ms_ir10_ns0,2.0,exp-results/frictional-stack-v3/force-holds/mujoco-native/tc1ms_ir10_ns0/trace_F_2N.csv,5.280011518938041,0.9999999999999958,5.280011518626954,7.686653148491251e-07,5.28001151862701,42.24290201938857,9.809927036232349,4.11067313074093e-09,1.9999999999969087,0.40775022945839134,1.0,4.0,-0.0005478656331176286,0.00010364512850005471,2.9836117646507144e-07,1.0,1
impratio_10,tc1ms_ir10_ns0,3.0,exp-results/frictional-stack-v3/force-holds/mujoco-native/tc1ms_ir10_ns0/trace_F_3N.csv,7.920175530204724,0.9999999999999932,7.920175529683464,1.4599326924588272e-06,7.9201755296836,63.365606523309495,9.80983573129828,1.0045524918106946e-08,2.9999999999944693,0.6116310368833129,1.0,4.0,-0.0005495573636201092,0.00023347517499571496,6.719891350362828e-07,0.9975062344139651,1
impratio_10,tc1ms_ir10_ns0,4.0,exp-results/frictional-stack-v3/force-holds/mujoco-native/tc1ms_ir10_ns0/trace_F_4N.csv,7.668839032281664,0.9999949621449696,7.63793707506317,1.9955480409923003,7.894320410683414,96.22565948792429,9.809658614092363,0.0007253727437136681,4.000228209939247,0.8155702196703996,1.0,5.972568578553616,-0.00035207634275362046,0.02389521719799359,0.002206270468572735,1.0124688279301746,3
impratio_100,tc1ms_ir100_ns0,1.0,exp-results/frictional-stack-v3/force-holds/mujoco-native/tc1ms_ir100_ns0/trace_F_1N.csv,0.2639949715041481,1.0,0.26399497149150586,2.9518324258984162e-09,0.26399497149150586,2.113372376839314,9.809981877552193,9.385111374488154e-11,0.9999999999999309,0.20387397499442747,1.0,4.0,-0.0005465514195865932,2.5575117163214314e-06,7.36770023341836e-09,1.0,1
impratio_100,tc1ms_ir100_ns0,2.0,exp-results/frictional-stack-v3/force-holds/mujoco-native/tc1ms_ir100_ns0/trace_F_2N.csv,0.5280002570246894,1.0,0.5280002570141148,7.678628405274962e-09,0.5280002570141149,4.226827201339107,9.809927505798726,4.1015630728829207e-10,1.999999999999969,0.4077502099414605,1.0,4.0,-0.0005466646203555062,1.02314117366124e-05,2.9461724589992892e-08,1.0,1
impratio_100,tc1ms_ir100_ns0,3.0,exp-results/frictional-stack-v3/force-holds/mujoco-native/tc1ms_ir100_ns0/trace_F_3N.csv,0.7920158547730781,0.9999999999999999,0.7920158547630736,1.4536296461091292e-08,0.7920158547630737,6.340364443318393,9.809836878130504,1.0011031100707229e-09,2.999999999999949,0.611630965380878,1.0,4.0,-0.0005468533066603107,2.3023740921704537e-05,6.629511616918886e-08,1.0,1
impratio_100,tc1ms_ir100_ns0,4.0,exp-results/frictional-stack-v3/force-holds/mujoco-native/tc1ms_ir100_ns0/trace_F_4N.csv,1.3458065755695976,0.9999999998602904,1.3458065606930714,3.557007633670625e-05,1.3458065611631354,10.770650010439402,9.809709882411251,2.2019954800136846e-09,3.9999999997356275,0.815518511288005,1.0,4.0,-0.0005469492773791099,5.215061971101348e-05,1.3938200488011124e-07,1.0,1
native_1ms,tc1ms_ir1_ns0,1.0,exp-results/frictional-stack-v3/force-holds/mujoco-native/tc1ms_ir1_ns0/trace_F_1N.csv,26.399876681776103,0.9999999999997451,26.399876675582952,2.980762024174137e-05,26.399876675599778,211.1992837818017,9.809980689645782,9.501963115225997e-09,0.9999999998722832,0.20387399965583242,1.0,4.0,-0.0005500504643771525,0.00028967440186707447,8.328564131121564e-07,1.0,1
native_1ms,tc1ms_ir1_ns0,2.0,exp-results/frictional-stack-v3/force-holds/mujoco-native/tc1ms_ir1_ns0/trace_F_2N.csv,52.80102421382673,0.9999999999995514,52.8010242185866,7.908747298294266e-05,52.80102421864583,422.40794934183276,9.80992227980125,4.207471337996923e-08,1.9999999996867086,0.40775042709660125,1.0,4.0,-0.0005607446665536697,0.0011720673804936767,3.3644864791389917e-06,1.0,1
native_1ms,tc1ms_ir1_ns0,3.0,exp-results/frictional-stack-v3/force-holds/mujoco-native/tc1ms_ir1_ns0/trace_F_3N.csv,79.20349649085234,0.999999999999256,79.20349654475943,0.00015275911449989565,79.20349654490674,633.6262426993036,9.80982403593199,1.0408681431179251e-07,2.9999999994306643,0.61163176596076,1.0,4.0,-0.0005787249965183006,0.0026679136200673933,7.646171601366132e-06,1.0,1
native_1ms,tc1ms_ir1_ns0,4.0,exp-results/frictional-stack-v3/force-holds/mujoco-native/tc1ms_ir1_ns0/trace_F_4N.csv,139.2957489858518,0.9999984421379133,139.2963061433151,0.3886413724524631,139.2968483035009,1098.737044846034,9.80966842836282,3.00525187940387e-07,3.9999965517110985,0.8155212545504711,1.0,4.0,-0.0005879533990412835,0.006378843499131845,1.4942390701683705e-05,1.0,1
native_2ms,tc2ms_ir1_ns0,1.0,exp-results/frictional-stack-v3/force-holds/mujoco-native/tc2ms_ir1_ns0/trace_F_1N.csv,52.86866951702807,0.9999999999831635,52.868669528312005,0.00048508009689037196,52.86866953053735,422.94141934670444,9.809917826899657,7.715312473733166e-08,0.9999999979254979,0.20387530569999598,1.0,4.0,-0.002216226553207153,0.0026013584957560285,7.469047133862621e-06,0.9825436408977556,1
native_2ms,tc2ms_ir1_ns0,2.0,exp-results/frictional-stack-v3/force-holds/mujoco-native/tc2ms_ir1_ns0/trace_F_2N.csv,105.74961788792339,0.9999999999693195,105.74961863756104,0.0013097843637514394,105.74961864567234,845.9677217111328,9.809667155473313,3.463079753986755e-07,1.9999999948367497,0.40776103065252073,1.0,4.0,-0.002308241278876048,0.010646798450663643,3.0473999586476794e-05,0.9825436408977556,1
native_2ms,tc2ms_ir1_ns0,3.0,exp-results/frictional-stack-v3/force-holds/mujoco-native/tc2ms_ir1_ns0/trace_F_3N.csv,158.64385018088237,0.9999999999471597,158.6438532188641,0.0025786866590464864,158.64385323982182,1269.0832945991597,9.809241469469926,8.689792263118669e-07,2.9999999904712,0.6116680886714027,1.0,4.0,-0.0024643844806071357,0.024523249730208006,6.997351336203026e-05,0.9925187032418953,1
native_2ms,tc2ms_ir1_ns0,4.0,exp-results/frictional-stack-v3/force-holds/mujoco-native/tc2ms_ir1_ns0/trace_F_4N.csv,289.7454834042745,0.9999929575801714,289.74990675229844,1.7194330010910548,289.7550084343857,2250.724086857016,9.808500707079364,2.9592461670104742e-06,3.999980455201719,0.8156150618103173,1.0,4.0,-0.002732651630514172,0.06756375884741186,0.00015913024524716958,1.0,1
noslip_1,tc1ms_ir10_ns1,1.0,exp-results/frictional-stack-v3/force-holds/mujoco-native/tc1ms_ir10_ns1/trace_F_1N.csv,0.1026339988294667,0.987883645050147,0.022882358333877573,4.609946833490375,4.610003623635329,-0.11414057390246432,9.809680009323609,0.0012196665497616742,1.0000145662251099,0.20388435658959386,1.0,6.937655860349127,-0.0003845332975181993,0.004352352813038541,0.003833061136113888,2.0,2
noslip_1,tc1ms_ir10_ns1,2.0,exp-results/frictional-stack-v3/force-holds/mujoco-native/tc1ms_ir10_ns1/trace_F_2N.csv,0.12096443468249397,0.9999501785064363,0.12108140860033825,0.0019393088196722837,0.12109693814188752,0.6406565048523913,9.809946108727498,2.6595502566423414e-08,2.000000003818937,0.4077494374896968,1.0,6.0,-0.00040991246580331645,3.6936223526075393e-06,1.2142801962631057e-07,2.0,2
noslip_1,tc1ms_ir10_ns1,3.0,exp-results/frictional-stack-v3/force-holds/mujoco-native/tc1ms_ir10_ns1/trace_F_3N.csv,0.0885542683957989,0.9999999985865031,0.0885540829351303,7.477252613749865e-06,0.08855408325080918,0.7083005110122099,9.809823368953124,1.7251633920851952e-10,3.0000000000053673,0.6116318076633255,1.0,6.0,-0.00040535955336997825,3.694464541362432e-06,5.265480859250235e-08,4.0,4
noslip_1,tc1ms_ir10_ns1,4.0,exp-results/frictional-stack-v3/force-holds/mujoco-native/tc1ms_ir10_ns1/trace_F_4N.csv,-0.43118288326430587,0.9999999445656781,-0.4311946148631187,0.0002293896734384681,0.4311946758792083,-4.4528639875387,9.809748008473298,7.562068513401355e-09,4.0000000001607825,0.8155153418223853,1.0,5.0,-0.00043554385434909493,1.6383210334109456e-05,4.933691968660107e-07,4.0,4
noslip_3,tc1ms_ir10_ns3,1.0,exp-results/frictional-stack-v3/force-holds/mujoco-native/tc1ms_ir10_ns3/trace_F_1N.csv,0.000818604426463534,0.999998337157614,0.0008110720200335034,0.0004139677872975342,0.000910608121313029,-0.04106331102125435,9.809993697040385,4.835208870743349e-10,1.0000000018309296,0.2038737297318802,1.0,8.0,-0.00030409632094655797,4.005186304020382e-07,4.420270301137504e-09,4.0,4
noslip_3,tc1ms_ir10_ns3,2.0,exp-results/frictional-stack-v3/force-holds/mujoco-native/tc1ms_ir10_ns3/trace_F_2N.csv,0.005722291572632548,0.9999996723230095,0.005779279284915292,0.0015243652685338976,0.005976935546328355,0.04638995616625709,9.809950037341032,5.098456919963333e-09,2.0000000008773764,0.40774927359762164,1.0,6.0,-0.0004098840549392561,1.4559421357447374e-06,2.556935721203794e-08,4.0,4
noslip_3,tc1ms_ir10_ns3,3.0,exp-results/frictional-stack-v3/force-holds/mujoco-native/tc1ms_ir10_ns3/trace_F_3N.csv,0.002564217741452333,0.999997038828237,0.0025646740482134812,9.956716814523383e-06,0.002564693375393918,-0.033920766995357045,9.80989798282194,2.0341754902222022e-10,3.0000000000556777,0.6116271556154736,1.0,8.0,-0.00028694519387773097,2.828275516415255e-07,4.002697798822333e-09,4.0,4
noslip_3,tc1ms_ir10_ns3,4.0,exp-results/frictional-stack-v3/force-holds/mujoco-native/tc1ms_ir10_ns3/trace_F_4N.csv,0.003474434901742511,0.9999938011645885,0.0034733466529453653,1.960584078715205e-05,0.0034734019866004195,0.09157327558646638,9.809783179821915,5.80422346418463e-10,3.999999999939496,0.815512417882433,1.0,6.0,-0.00037036351429248053,2.867843615762216e-07,1.5584431855082885e-08,6.0,6
