time_s,x_m,y_m,z_m
0.000000000000000000e+00,1.000000047497451305e-03,1.974173098614695811e-39,1.199975460767745972e-01
5.000000000000000104e-03,1.000000047497451305e-03,1.302953656540344219e-37,1.198381260037422180e-01
1.000000000000000021e-02,1.000000047497451305e-03,4.560338638670283362e-37,1.194334626197814941e-01
1.499999999999999944e-02,1.000000047497451305e-03,9.791892515519525341e-37,1.187835484743118286e-01
2.000000000000000042e-02,1.000000047497451305e-03,1.699761674443847306e-36,1.178883835673332214e-01
2.500000000000000139e-02,1.000000047497451305e-03,2.617750370236348058e-36,1.167479753494262695e-01
2.999999999999999889e-02,1.000000047497451305e-03,3.733155249246353074e-36,1.153623163700103760e-01
3.500000000000000333e-02,1.000000047497451305e-03,5.045976311473862354e-36,1.137314066290855408e-01
4.000000000000000083e-02,1.000000047497451305e-03,6.556213556918875898e-36,1.118552535772323608e-01
4.499999999999999833e-02,1.000000047497451305e-03,8.263869496708241777e-36,1.097338497638702393e-01
5.000000000000000278e-02,1.000000047497451305e-03,1.016894377210955312e-35,1.073671802878379822e-01
5.500000000000000028e-02,1.000000047497451305e-03,1.227143638312280993e-35,1.047552675008773804e-01
5.999999999999999778e-02,1.000000047497451305e-03,1.457134876467763968e-35,1.018981114029884338e-01
6.500000000000000222e-02,1.000000047497451305e-03,1.706867876437960116e-35,9.879569709300994873e-02
7.000000000000000666e-02,1.000000047497451305e-03,1.976342638222869437e-35,9.544803947210311890e-02
7.499999999999999722e-02,1.000000047497451305e-03,2.265559305315454679e-35,9.185513854026794434e-02
8.000000000000000167e-02,1.000000047497451305e-03,2.574517447236827600e-35,8.801697939634323120e-02
8.500000000000000611e-02,1.000000047497451305e-03,2.903217350972913694e-35,8.393357694149017334e-02
8.999999999999999667e-02,1.000000047497451305e-03,3.251658155565936480e-35,7.960493117570877075e-02
9.500000000000000111e-02,1.000000047497451305e-03,3.619840434987746946e-35,7.503102719783782959e-02
1.000000000000000056e-01,1.000000047497451305e-03,4.007764189238345091e-35,7.021187990903854370e-02
1.049999999999999961e-01,6.758323870599269867e-04,5.969840458419639617e-06,6.641675531864166260e-02
1.100000000000000006e-01,-5.149930948391556740e-04,1.344061638519633561e-05,6.573888659477233887e-02
1.150000000000000050e-01,-1.756505458615720272e-03,-4.346525020082481205e-05,6.512206047773361206e-02
1.199999999999999956e-01,-3.018320770934224129e-03,-1.067590783350169659e-04,6.439765542745590210e-02
1.250000000000000000e-01,-4.297116771340370178e-03,-1.757157733663916588e-04,6.352628767490386963e-02
1.300000000000000044e-01,-5.595369730144739151e-03,-2.477242378517985344e-04,6.256607919931411743e-02
1.350000000000000089e-01,-6.729787215590476990e-03,-3.275022027082741261e-04,6.191705167293548584e-02
1.400000000000000133e-01,-7.609031628817319870e-03,-4.081956576555967331e-04,6.163151562213897705e-02
1.449999999999999900e-01,-8.405623026192188263e-03,-4.857935127802193165e-04,6.130392849445343018e-02
1.499999999999999944e-01,-9.134555235505104065e-03,-5.577364936470985413e-04,6.095083430409431458e-02
1.549999999999999989e-01,-9.809673763811588287e-03,-6.234569009393453598e-04,6.058517470955848694e-02
1.600000000000000033e-01,-1.043942105025053024e-02,-6.858320557512342930e-04,6.020826473832130432e-02
1.650000000000000078e-01,-1.103253383189439774e-02,-7.458513136953115463e-04,5.983131006360054016e-02
1.700000000000000122e-01,-1.159554906189441681e-02,-8.030176977626979351e-04,5.945619568228721619e-02
1.750000000000000167e-01,-1.213393453508615494e-02,-8.578347042202949524e-04,5.908006057143211365e-02
1.799999999999999933e-01,-1.265823934227228165e-02,-9.132540435530245304e-04,5.871189385652542114e-02
1.849999999999999978e-01,-1.316705066710710526e-02,-9.636049508117139339e-04,5.834824591875076294e-02
1.900000000000000022e-01,-1.366194151341915131e-02,-1.016707275994122028e-03,5.798382684588432312e-02
1.950000000000000067e-01,-1.415228657424449921e-02,-1.072858227416872978e-03,5.761972814798355103e-02
2.000000000000000111e-01,-1.464574318379163742e-02,-1.120503526180982590e-03,5.725461617112159729e-02
2.050000000000000155e-01,-1.514453068375587463e-02,-1.173793803900480270e-03,5.688612163066864014e-02
2.099999999999999922e-01,-1.565774716436862946e-02,-1.225573709234595299e-03,5.651222541928291321e-02
2.149999999999999967e-01,-1.618823595345020294e-02,-1.276053371839225292e-03,5.612808465957641602e-02
2.200000000000000011e-01,-1.674002967774868011e-02,-1.330159022472798824e-03,5.572772398591041565e-02
2.250000000000000056e-01,-1.732265390455722809e-02,-1.384743605740368366e-03,5.530572310090065002e-02
2.300000000000000100e-01,-1.794574782252311707e-02,-1.440081861801445484e-03,5.485548824071884155e-02
2.350000000000000144e-01,-1.861905492842197418e-02,-1.496640383265912533e-03,5.436900258064270020e-02
2.399999999999999911e-01,-1.935152895748615265e-02,-1.554969348944723606e-03,5.383610725402832031e-02
2.449999999999999956e-01,-2.014457248151302338e-02,-1.615454675629734993e-03,5.324615165591239929e-02
2.500000000000000000e-01,-2.095973305404186249e-02,-1.677433145232498646e-03,5.259381607174873352e-02
2.550000000000000044e-01,-2.174641005694866180e-02,-1.737489830702543259e-03,5.188705027103424072e-02
2.600000000000000089e-01,-2.253250405192375183e-02,-1.793732400983572006e-03,5.130725353956222534e-02
2.650000000000000133e-01,-2.301597036421298981e-02,-1.845479360781610012e-03,5.127460882067680359e-02
2.700000000000000178e-01,-2.315702475607395172e-02,-1.894524903036653996e-03,5.128264799714088440e-02
2.750000000000000222e-01,-2.321822568774223328e-02,-1.934105064719915390e-03,5.116051062941551208e-02
2.800000000000000266e-01,-2.321171201765537262e-02,-1.961820758879184723e-03,5.093308910727500916e-02
2.850000000000000311e-01,-2.319126948714256287e-02,-1.986510353162884712e-03,5.073333159089088440e-02
2.899999999999999800e-01,-2.317096665501594543e-02,-2.011077711358666420e-03,5.057352408766746521e-02
2.949999999999999845e-01,-2.315278351306915283e-02,-2.034916076809167862e-03,5.044629052281379700e-02
2.999999999999999889e-01,-2.314271405339241028e-02,-2.058516489341855049e-03,5.034374818205833435e-02
3.049999999999999933e-01,-2.313614450395107269e-02,-2.080396981909871101e-03,5.025969073176383972e-02
3.099999999999999978e-01,-2.313102036714553833e-02,-2.101580146700143814e-03,5.019542947411537170e-02
3.150000000000000022e-01,-2.312682569026947021e-02,-2.121799858286976814e-03,5.014592036604881287e-02
3.200000000000000067e-01,-2.312334254384040833e-02,-2.140606753528118134e-03,5.010773241519927979e-02
3.250000000000000111e-01,-2.312033250927925110e-02,-2.158136107027530670e-03,5.007877945899963379e-02
3.300000000000000155e-01,-2.311807312071323395e-02,-2.175072673708200455e-03,5.005729943513870239e-02
3.350000000000000200e-01,-2.311615459620952606e-02,-2.191294683143496513e-03,5.004063621163368225e-02
3.400000000000000244e-01,-2.311426773667335510e-02,-2.206955570727586746e-03,5.002756789326667786e-02
3.450000000000000289e-01,-2.311241067945957184e-02,-2.222290495410561562e-03,5.001716688275337219e-02
3.500000000000000333e-01,-2.311008609831333160e-02,-2.237456152215600014e-03,5.000754818320274353e-02
3.549999999999999822e-01,-2.310795895755290985e-02,-2.252778271213173866e-03,5.000000074505805969e-02
3.599999999999999867e-01,-2.310587279498577118e-02,-2.268471522256731987e-03,4.999416321516036987e-02
3.649999999999999911e-01,-2.310397848486900330e-02,-2.284753369167447090e-03,4.998967424035072327e-02
3.699999999999999956e-01,-2.310203388333320618e-02,-2.301836153492331505e-03,4.998594895005226135e-02
3.750000000000000000e-01,-2.310005761682987213e-02,-2.320018596947193146e-03,4.998298361897468567e-02
3.800000000000000044e-01,-2.309809252619743347e-02,-2.339578000828623772e-03,4.998049139976501465e-02
3.850000000000000089e-01,-2.309607900679111481e-02,-2.360752783715724945e-03,4.997836425900459290e-02
3.900000000000000133e-01,-2.309385687112808228e-02,-2.383779967203736305e-03,4.997662082314491272e-02
3.950000000000000178e-01,-2.309156395494937897e-02,-2.408977830782532692e-03,4.997544363141059875e-02
4.000000000000000222e-01,-2.308969013392925262e-02,-2.434701658785343170e-03,4.997500404715538025e-02
4.050000000000000266e-01,-2.308763004839420319e-02,-2.460399409756064415e-03,4.997472837567329407e-02
4.100000000000000311e-01,-2.308548241853713989e-02,-2.486207056790590286e-03,4.997459799051284790e-02
4.150000000000000355e-01,-2.308335155248641968e-02,-2.512236358597874641e-03,4.997428134083747864e-02
4.199999999999999845e-01,-2.308117225766181946e-02,-2.538449363783001900e-03,4.997399821877479553e-02
4.249999999999999889e-01,-2.307895943522453308e-02,-2.564939903095364571e-03,4.997367784380912781e-02
4.299999999999999933e-01,-2.307676710188388824e-02,-2.591941040009260178e-03,4.997389018535614014e-02
4.349999999999999978e-01,-2.307453565299510956e-02,-2.619117498397827148e-03,4.997429996728897095e-02
4.400000000000000022e-01,-2.307230979204177856e-02,-2.646102337166666985e-03,4.997441545128822327e-02
4.450000000000000067e-01,-2.307007648050785065e-02,-2.672630362212657928e-03,4.997440055012702942e-02
4.500000000000000111e-01,-2.306798845529556274e-02,-2.698162337765097618e-03,4.997429996728897095e-02
4.550000000000000155e-01,-2.306603454053401947e-02,-2.722721779718995094e-03,4.997424781322479248e-02
4.600000000000000200e-01,-2.306419238448143005e-02,-2.746565965935587883e-03,4.997421801090240479e-02
4.650000000000000244e-01,-2.306246943771839142e-02,-2.769933780655264854e-03,4.997422173619270325e-02
4.700000000000000289e-01,-2.306086383759975433e-02,-2.792908111587166786e-03,4.997433349490165710e-02
4.750000000000000333e-01,-2.305934578180313110e-02,-2.815586049109697342e-03,4.997442290186882019e-02
4.799999999999999822e-01,-2.305780351161956787e-02,-2.838095184415578842e-03,4.997451975941658020e-02
4.849999999999999867e-01,-2.305626310408115387e-02,-2.860589185729622841e-03,4.997459799051284790e-02
4.899999999999999911e-01,-2.305477298796176910e-02,-2.883252454921603203e-03,4.997460544109344482e-02
4.949999999999999956e-01,-2.305324003100395203e-02,-2.906247507780790329e-03,4.997459426522254944e-02
5.000000000000000000e-01,-2.305169031023979187e-02,-2.929731737822294235e-03,4.997453093528747559e-02
5.050000000000000044e-01,-2.305011823773384094e-02,-2.953764749690890312e-03,4.997441172599792480e-02
5.100000000000000089e-01,-2.304846048355102539e-02,-2.977628726512193680e-03,4.997432976961135864e-02
5.150000000000000133e-01,-2.304682880640029907e-02,-3.000811673700809479e-03,4.997421428561210632e-02
5.200000000000000178e-01,-2.304520271718502045e-02,-3.022150835022330284e-03,4.997396469116210938e-02
5.250000000000000222e-01,-2.304366417229175568e-02,-3.041195217519998550e-03,4.997361451387405396e-02
5.300000000000000266e-01,-2.304249256849288940e-02,-3.056508954614400864e-03,4.997352138161659241e-02
5.350000000000000311e-01,-2.304161526262760162e-02,-3.068257821723818779e-03,4.997345060110092163e-02
5.400000000000000355e-01,-2.304097637534141541e-02,-3.076426917687058449e-03,4.997346550226211548e-02
5.450000000000000400e-01,-2.304061874747276306e-02,-3.081158734858036041e-03,4.997348040342330933e-02
5.500000000000000444e-01,-2.304044552147388458e-02,-3.082860959693789482e-03,4.997331276535987854e-02
5.550000000000000488e-01,-2.304047346115112305e-02,-3.082244889810681343e-03,4.997315257787704468e-02
5.600000000000000533e-01,-2.304069139063358307e-02,-3.080064663663506508e-03,4.997307434678077698e-02
5.650000000000000577e-01,-2.304094657301902771e-02,-3.076856723055243492e-03,4.997292906045913696e-02
5.700000000000000622e-01,-2.304130047559738159e-02,-3.073059953749179840e-03,4.997292160987854004e-02
5.750000000000000666e-01,-2.304169163107872009e-02,-3.068953985348343849e-03,4.997302219271659851e-02
5.799999999999999600e-01,-2.304204180836677551e-02,-3.065087599679827690e-03,4.997307434678077698e-02
5.849999999999999645e-01,-2.304231747984886169e-02,-3.061491996049880981e-03,4.997296258807182312e-02
5.899999999999999689e-01,-2.304253913462162018e-02,-3.058316418901085854e-03,4.997280612587928772e-02
5.949999999999999734e-01,-2.304274402558803558e-02,-3.055605106055736542e-03,4.997272789478302002e-02
5.999999999999999778e-01,-2.304287441074848175e-02,-3.053494961932301521e-03,4.997262731194496155e-02
6.049999999999999822e-01,-2.304308116436004639e-02,-3.051786683499813080e-03,4.997269064188003540e-02
6.099999999999999867e-01,-2.304322272539138794e-02,-3.049884922802448273e-03,4.997249692678451538e-02
6.149999999999999911e-01,-2.304336242377758026e-02,-3.048093989491462708e-03,4.997234418988227844e-02
6.199999999999999956e-01,-2.304354868829250336e-02,-3.046389436349272728e-03,4.997235536575317383e-02
6.250000000000000000e-01,-2.304367348551750183e-02,-3.044961020350456238e-03,4.997240751981735229e-02
6.300000000000000044e-01,-2.304378710687160492e-02,-3.043667413294315338e-03,4.997238144278526306e-02
6.350000000000000089e-01,-2.304387092590332031e-02,-3.042665543034672737e-03,4.997242242097854614e-02
6.400000000000000133e-01,-2.304385043680667877e-02,-3.042227355763316154e-03,4.997229948639869690e-02
6.450000000000000178e-01,-2.304392307996749878e-02,-3.041885094717144966e-03,4.997233301401138306e-02
6.500000000000000222e-01,-2.304396405816078186e-02,-3.041696734726428986e-03,4.997232183814048767e-02
6.550000000000000266e-01,-2.304397150874137878e-02,-3.041823161765933037e-03,4.997232183814048767e-02
6.600000000000000311e-01,-2.304396033287048340e-02,-3.041993128135800362e-03,4.997229203581809998e-02
6.650000000000000355e-01,-2.304393798112869263e-02,-3.042266005650162697e-03,4.997234418988227844e-02
6.700000000000000400e-01,-2.304388768970966339e-02,-3.042862983420491219e-03,4.997239261865615845e-02
6.750000000000000444e-01,-2.304377034306526184e-02,-3.043644130229949951e-03,4.997231438755989075e-02
6.800000000000000488e-01,-2.304372750222682953e-02,-3.044306766241788864e-03,4.997230693697929382e-02
6.850000000000000533e-01,-2.304368466138839722e-02,-3.044887911528348923e-03,4.997237026691436768e-02
6.900000000000000577e-01,-2.304362505674362183e-02,-3.045252291485667229e-03,4.997232556343078613e-02
6.950000000000000622e-01,-2.304368093609809875e-02,-3.045494901016354561e-03,4.997245222330093384e-02
7.000000000000000666e-01,-2.304366603493690491e-02,-3.045523306354880333e-03,4.997247830033302307e-02
7.049999999999999600e-01,-2.304365485906600952e-02,-3.045730292797088623e-03,4.997249692678451538e-02
7.099999999999999645e-01,-2.304356545209884644e-02,-3.046096535399556160e-03,4.997248202562332153e-02
7.149999999999999689e-01,-2.304346300661563873e-02,-3.046762663871049881e-03,4.997243732213973999e-02
7.199999999999999734e-01,-2.304343506693840027e-02,-3.047134960070252419e-03,4.997237771749496460e-02
7.249999999999999778e-01,-2.304339967668056488e-02,-3.047363134101033211e-03,4.997234046459197998e-02
7.299999999999999822e-01,-2.304339595139026642e-02,-3.047517035156488419e-03,4.997235164046287537e-02
7.349999999999999867e-01,-2.304334565997123718e-02,-3.047755919396877289e-03,4.997237399220466614e-02
7.399999999999999911e-01,-2.304332144558429718e-02,-3.048127284273505211e-03,4.997238889336585999e-02
7.449999999999999956e-01,-2.304333820939064026e-02,-3.048334736377000809e-03,4.997242614626884460e-02
7.500000000000000000e-01,-2.304327674210071564e-02,-3.048500046133995056e-03,4.997234791517257690e-02
7.550000000000000044e-01,-2.304332517087459564e-02,-3.048310289159417152e-03,4.997234418988227844e-02
7.600000000000000089e-01,-2.304333075881004333e-02,-3.048206213861703873e-03,4.997241497039794922e-02
7.650000000000000133e-01,-2.304328978061676025e-02,-3.048166865482926369e-03,4.997226223349571228e-02
7.700000000000000178e-01,-2.304331772029399872e-02,-3.047996433451771736e-03,4.997223243117332458e-02
7.750000000000000222e-01,-2.304334193468093872e-02,-3.047728445380926132e-03,4.997234046459197998e-02
7.800000000000000266e-01,-2.304336428642272949e-02,-3.047671169042587280e-03,4.997234791517257690e-02
7.850000000000000311e-01,-2.304337918758392334e-02,-3.047577803954482079e-03,4.997230321168899536e-02
7.900000000000000355e-01,-2.304344624280929565e-02,-3.047322621569037437e-03,4.997241497039794922e-02
7.950000000000000400e-01,-2.304342202842235565e-02,-3.047254867851734161e-03,4.997237026691436768e-02
8.000000000000000444e-01,-2.304345555603504181e-02,-3.047287231311202049e-03,4.997242614626884460e-02
8.050000000000000488e-01,-2.304343134164810181e-02,-3.047144273295998573e-03,4.997230693697929382e-02
8.100000000000000533e-01,-2.304345928132534027e-02,-3.047076519578695297e-03,4.997231438755989075e-02
8.150000000000000577e-01,-2.304342202842235565e-02,-3.046971512958407402e-03,4.997222870588302612e-02
8.200000000000000622e-01,-2.304346300661563873e-02,-3.046911908313632011e-03,4.997229948639869690e-02
8.250000000000000666e-01,-2.304345928132534027e-02,-3.046942874789237976e-03,4.997232928872108459e-02
8.300000000000000711e-01,-2.304345741868019104e-02,-3.047083970159292221e-03,4.997238889336585999e-02
8.349999999999999645e-01,-2.304342202842235565e-02,-3.047226229682564735e-03,4.997228458523750305e-02
8.399999999999999689e-01,-2.304336242377758026e-02,-3.047395264729857445e-03,4.997222125530242920e-02
8.449999999999999734e-01,-2.304331958293914795e-02,-3.047873033210635185e-03,4.997228831052780151e-02
8.499999999999999778e-01,-2.304330840706825256e-02,-3.048474667593836784e-03,4.997248575091362000e-02
8.549999999999999822e-01,-2.304328791797161102e-02,-3.048960119485855103e-03,4.997239634394645691e-02
8.599999999999999867e-01,-2.304328419268131256e-02,-3.049148712307214737e-03,4.997240379452705383e-02
8.649999999999999911e-01,-2.304322458803653717e-02,-3.049445338547229767e-03,4.997238516807556152e-02
8.699999999999999956e-01,-2.304324321448802948e-02,-3.049695165827870369e-03,4.997244104743003845e-02
8.750000000000000000e-01,-2.304327115416526794e-02,-3.049472812563180923e-03,4.997248575091362000e-02
8.800000000000000044e-01,-2.304334379732608795e-02,-3.049277467653155327e-03,4.997259750962257385e-02
8.850000000000000089e-01,-2.304334193468093872e-02,-3.049090038985013962e-03,4.997256770730018616e-02
8.900000000000000133e-01,-2.304334938526153564e-02,-3.048856742680072784e-03,4.997253417968750000e-02
8.950000000000000178e-01,-2.304343320429325104e-02,-3.048317739740014076e-03,4.997253045439720154e-02
9.000000000000000222e-01,-2.304347045719623566e-02,-3.047889331355690956e-03,4.997260496020317078e-02
9.050000000000000266e-01,-2.304351702332496643e-02,-3.047614125534892082e-03,4.997264966368675232e-02
9.100000000000000311e-01,-2.304357104003429413e-02,-3.047091187909245491e-03,4.997256025671958923e-02
9.150000000000000355e-01,-2.304365858435630798e-02,-3.046277444809675217e-03,4.997253790497779846e-02
9.200000000000000400e-01,-2.304374426603317261e-02,-3.045420162379741669e-03,4.997253417968750000e-02
9.250000000000000444e-01,-2.304373495280742645e-02,-3.044848795980215073e-03,4.997239634394645691e-02
9.300000000000000488e-01,-2.304370701313018799e-02,-3.044407814741134644e-03,4.997223988175392151e-02
9.350000000000000533e-01,-2.304367721080780029e-02,-3.044197335839271545e-03,4.997212439775466919e-02
9.400000000000000577e-01,-2.304369211196899414e-02,-3.043950535356998444e-03,4.997205734252929688e-02
9.450000000000000622e-01,-2.304370887577533722e-02,-3.043750766664743423e-03,4.997212067246437073e-02
9.500000000000000666e-01,-2.304368838667869568e-02,-3.043919568881392479e-03,4.997216910123825073e-02
9.550000000000000711e-01,-2.304366417229175568e-02,-3.044327953830361366e-03,4.997228458523750305e-02
9.599999999999999645e-01,-2.304361201822757721e-02,-3.044879296794533730e-03,4.997231438755989075e-02
9.649999999999999689e-01,-2.304357849061489105e-02,-3.045453457161784172e-03,4.997238889336585999e-02
9.699999999999999734e-01,-2.304358780384063721e-02,-3.045876743271946907e-03,4.997247830033302307e-02
9.749999999999999778e-01,-2.304360456764698029e-02,-3.046162426471710205e-03,4.997255280613899231e-02
9.799999999999999822e-01,-2.304361015558242798e-02,-3.046293510124087334e-03,4.997261986136436462e-02
9.849999999999999867e-01,-2.304355986416339874e-02,-3.046603640541434288e-03,4.997264221310615540e-02
9.899999999999999911e-01,-2.304351329803466797e-02,-3.047123318538069725e-03,4.997263103723526001e-02
9.949999999999999956e-01,-2.304346486926078796e-02,-3.047483740374445915e-03,4.997253417968750000e-02
1.000000000000000000e+00,-2.304345369338989258e-02,-3.047718200832605362e-03,4.997261241078376770e-02
1.005000000000000115e+00,-2.304340340197086334e-02,-3.048030892387032509e-03,4.997258260846138000e-02
1.010000000000000009e+00,-2.304338850080966949e-02,-3.048131009563803673e-03,4.997248575091362000e-02
1.015000000000000124e+00,-2.304338105022907257e-02,-3.047942882403731346e-03,4.997243359684944153e-02
1.020000000000000018e+00,-2.304338663816452026e-02,-3.047890495508909225e-03,4.997248202562332153e-02
1.024999999999999911e+00,-2.304335869848728180e-02,-3.047937992960214615e-03,4.997241497039794922e-02
1.030000000000000027e+00,-2.304335311055183411e-02,-3.047996200621128082e-03,4.997240751981735229e-02
1.034999999999999920e+00,-2.304341271519660950e-02,-3.047854639589786530e-03,4.997242987155914307e-02
1.040000000000000036e+00,-2.304349280893802643e-02,-3.047431586310267448e-03,4.997243732213973999e-02
1.044999999999999929e+00,-2.304350771009922028e-02,-3.046876518055796623e-03,4.997242987155914307e-02
1.050000000000000044e+00,-2.304352074861526489e-02,-3.046577563509345055e-03,4.997242987155914307e-02
1.054999999999999938e+00,-2.304350212216377258e-02,-3.046297701075673103e-03,4.997233301401138306e-02
1.060000000000000053e+00,-2.304351702332496643e-02,-3.046192927286028862e-03,4.997234046459197998e-02
1.064999999999999947e+00,-2.304349839687347412e-02,-3.046069992706179619e-03,4.997231066226959229e-02
1.070000000000000062e+00,-2.304353564977645874e-02,-3.046085126698017120e-03,4.997236281633377075e-02
1.074999999999999956e+00,-2.304358407855033875e-02,-3.045807359740138054e-03,4.997235164046287537e-02
1.080000000000000071e+00,-2.304360270500183105e-02,-3.045384539291262627e-03,4.997234418988227844e-02
1.084999999999999964e+00,-2.304359339177608490e-02,-3.045364515855908394e-03,4.997240751981735229e-02
1.090000000000000080e+00,-2.304356917738914490e-02,-3.045713994652032852e-03,4.997246339917182922e-02
1.094999999999999973e+00,-2.304348535835742950e-02,-3.046150552108883858e-03,4.997236654162406921e-02
1.100000000000000089e+00,-2.304340340197086334e-02,-3.046770812943577766e-03,4.997234791517257690e-02
1.104999999999999982e+00,-2.304337173700332642e-02,-3.047313774004578590e-03,4.997234046459197998e-02
1.110000000000000098e+00,-2.304337918758392334e-02,-3.047645557671785355e-03,4.997240379452705383e-02
1.114999999999999991e+00,-2.304342761635780334e-02,-3.047726349905133247e-03,4.997243359684944153e-02
1.120000000000000107e+00,-2.304345369338989258e-02,-3.047543345019221306e-03,4.997247457504272461e-02
1.125000000000000000e+00,-2.304351329803466797e-02,-3.047242294996976852e-03,4.997254163026809692e-02
1.130000000000000115e+00,-2.304353937506675720e-02,-3.046923782676458359e-03,4.997250065207481384e-02
1.135000000000000009e+00,-2.304350212216377258e-02,-3.046743571758270264e-03,4.997239261865615845e-02
1.140000000000000124e+00,-2.304343320429325104e-02,-3.046811325475573540e-03,4.997232556343078613e-02
1.145000000000000018e+00,-2.304335311055183411e-02,-3.047187579795718193e-03,4.997226223349571228e-02
1.150000000000000133e+00,-2.304334379732608795e-02,-3.047473495826125145e-03,4.997223615646362305e-02
1.155000000000000027e+00,-2.304338105022907257e-02,-3.047452308237552643e-03,4.997224733233451843e-02
1.159999999999999920e+00,-2.304341457784175873e-02,-3.047222504392266273e-03,4.997226223349571228e-02
1.165000000000000036e+00,-2.304351702332496643e-02,-3.046678612008690834e-03,4.997229576110839844e-02
1.169999999999999929e+00,-2.304364740848541260e-02,-3.045781515538692474e-03,4.997232556343078613e-02
1.175000000000000044e+00,-2.304370701313018799e-02,-3.044834826141595840e-03,4.997227340936660767e-02
1.179999999999999938e+00,-2.304377779364585876e-02,-3.044088603928685188e-03,4.997227340936660767e-02
1.185000000000000053e+00,-2.304382622241973877e-02,-3.043494652956724167e-03,4.997222125530242920e-02
1.189999999999999947e+00,-2.304389514029026031e-02,-3.042921656742691994e-03,4.997228458523750305e-02
1.195000000000000062e+00,-2.304394170641899109e-02,-3.042617114260792732e-03,4.997228831052780151e-02
1.199999999999999956e+00,-2.304382622241973877e-02,-3.042936325073242188e-03,4.997221380472183228e-02
1.205000000000000071e+00,-2.304375544190406799e-02,-3.043615724891424179e-03,4.997232183814048767e-02
1.209999999999999964e+00,-2.304367534816265106e-02,-3.044490236788988113e-03,4.997235164046287537e-02
1.215000000000000080e+00,-2.304363250732421875e-02,-3.045271383598446846e-03,4.997245967388153076e-02
1.219999999999999973e+00,-2.304363809525966644e-02,-3.045774996280670166e-03,4.997246712446212769e-02
1.225000000000000089e+00,-2.304360084235668182e-02,-3.046036930754780769e-03,4.997240006923675537e-02
1.229999999999999982e+00,-2.304365858435630798e-02,-3.046019235625863075e-03,4.997245967388153076e-02
1.235000000000000098e+00,-2.304366417229175568e-02,-3.045897232368588448e-03,4.997248947620391846e-02
1.239999999999999991e+00,-2.304373495280742645e-02,-3.045637160539627075e-03,4.997257515788078308e-02
1.245000000000000107e+00,-2.304380387067794800e-02,-3.045212943106889725e-03,4.997259378433227539e-02
1.250000000000000000e+00,-2.304388210177421570e-02,-3.044598503038287163e-03,4.997260123491287231e-02
1.255000000000000115e+00,-2.304380014538764954e-02,-3.044183366000652313e-03,4.997237399220466614e-02
1.260000000000000009e+00,-2.304376661777496338e-02,-3.044325159862637520e-03,4.997248202562332153e-02
1.265000000000000124e+00,-2.304372377693653107e-02,-3.044603858143091202e-03,4.997239634394645691e-02
1.270000000000000018e+00,-2.304369583725929260e-02,-3.044972429051995277e-03,4.997243732213973999e-02
1.275000000000000133e+00,-2.304364554584026337e-02,-3.045366145670413971e-03,4.997242614626884460e-02
1.280000000000000027e+00,-2.304366230964660645e-02,-3.045549383386969566e-03,4.997244104743003845e-02
1.284999999999999920e+00,-2.304369769990444183e-02,-3.045439254492521286e-03,4.997245967388153076e-02
1.290000000000000036e+00,-2.304366230964660645e-02,-3.045359393581748009e-03,4.997238889336585999e-02
1.294999999999999929e+00,-2.304361946880817413e-02,-3.045502817258238792e-03,4.997240006923675537e-02
1.300000000000000044e+00,-2.304356917738914490e-02,-3.045972669497132301e-03,4.997246712446212769e-02
1.304999999999999938e+00,-2.304341830313205719e-02,-3.046745434403419495e-03,4.997239634394645691e-02
1.310000000000000053e+00,-2.304333634674549103e-02,-3.047675359994173050e-03,4.997241869568824768e-02
1.314999999999999947e+00,-2.304333634674549103e-02,-3.048395970836281776e-03,4.997250810265541077e-02
1.320000000000000062e+00,-2.304333448410034180e-02,-3.048680257052183151e-03,4.997253417968750000e-02
1.324999999999999956e+00,-2.304332144558429718e-02,-3.048828337341547012e-03,4.997250810265541077e-02
1.330000000000000071e+00,-2.304327674210071564e-02,-3.048929618671536446e-03,4.997244477272033691e-02
1.334999999999999964e+00,-2.304334565997123718e-02,-3.048775484785437584e-03,4.997245222330093384e-02
1.340000000000000080e+00,-2.304346114397048950e-02,-3.048052778467535973e-03,4.997249692678451538e-02
1.344999999999999973e+00,-2.304348163306713104e-02,-3.047384554520249367e-03,4.997236654162406921e-02
1.350000000000000089e+00,-2.304351702332496643e-02,-3.046827623620629311e-03,4.997237399220466614e-02
1.354999999999999982e+00,-2.304351329803466797e-02,-3.046575235202908516e-03,4.997233301401138306e-02
1.360000000000000098e+00,-2.304352633655071259e-02,-3.046310506761074066e-03,4.997228831052780151e-02
1.364999999999999991e+00,-2.304354868829250336e-02,-3.046126803383231163e-03,4.997231066226959229e-02
1.370000000000000107e+00,-2.304360643029212952e-02,-3.045968012884259224e-03,4.997241124510765076e-02
1.375000000000000000e+00,-2.304357849061489105e-02,-3.045852761715650558e-03,4.997230693697929382e-02
1.380000000000000115e+00,-2.304361574351787567e-02,-3.045826451852917671e-03,4.997235164046287537e-02
1.385000000000000009e+00,-2.304362691938877106e-02,-3.045848803594708443e-03,4.997239634394645691e-02
1.390000000000000124e+00,-2.304360829293727875e-02,-3.045880701392889023e-03,4.997232556343078613e-02
1.395000000000000018e+00,-2.304360829293727875e-02,-3.045918885618448257e-03,4.997233301401138306e-02
1.400000000000000133e+00,-2.304359339177608490e-02,-3.045983379706740379e-03,4.997228458523750305e-02
1.405000000000000027e+00,-2.304358221590518951e-02,-3.046119352802634239e-03,4.997236281633377075e-02
1.409999999999999920e+00,-2.304352819919586182e-02,-3.046409925445914268e-03,4.997238144278526306e-02
1.415000000000000036e+00,-2.304343506693840027e-02,-3.046837868168950081e-03,4.997231066226959229e-02
1.419999999999999929e+00,-2.304338850080966949e-02,-3.047057194635272026e-03,4.997218027710914612e-02
1.425000000000000044e+00,-2.304342389106750488e-02,-3.047036472707986832e-03,4.997221753001213074e-02
1.429999999999999938e+00,-2.304350584745407104e-02,-3.046743338927626610e-03,4.997228458523750305e-02
1.435000000000000053e+00,-2.304359152913093567e-02,-3.046237863600254059e-03,4.997239634394645691e-02
1.439999999999999947e+00,-2.304364554584026337e-02,-3.045863006263971329e-03,4.997248947620391846e-02
1.445000000000000062e+00,-2.304372377693653107e-02,-3.045310033485293388e-03,4.997248202562332153e-02
1.449999999999999956e+00,-2.304376848042011261e-02,-3.044680459424853325e-03,4.997239634394645691e-02
1.455000000000000071e+00,-2.304374612867832184e-02,-3.044356591999530792e-03,4.997241869568824768e-02
1.459999999999999964e+00,-2.304375916719436646e-02,-3.044160082936286926e-03,4.997233301401138306e-02
1.465000000000000080e+00,-2.304378896951675415e-02,-3.043937729671597481e-03,4.997231811285018921e-02
1.469999999999999973e+00,-2.304373122751712799e-02,-3.043989650905132294e-03,4.997230693697929382e-02
1.475000000000000089e+00,-2.304366044700145721e-02,-3.044230164960026741e-03,4.997223243117332458e-02
1.479999999999999982e+00,-2.304357104003429413e-02,-3.044803161174058914e-03,4.997219517827033997e-02
1.485000000000000098e+00,-2.304350212216377258e-02,-3.045394318178296089e-03,4.997207969427108765e-02
1.489999999999999991e+00,-2.304346673190593719e-02,-3.045961726456880569e-03,4.997210577130317688e-02
1.495000000000000107e+00,-2.304341644048690796e-02,-3.046442754566669464e-03,4.997208341956138611e-02
1.500000000000000000e+00,-2.304342761635780334e-02,-3.046746132895350456e-03,4.997214674949645996e-02
1.505000000000000115e+00,-2.304342202842235565e-02,-3.046874189749360085e-03,4.997220635414123535e-02
1.510000000000000009e+00,-2.304336801171302795e-02,-3.046993864700198174e-03,4.997204989194869995e-02
1.515000000000000124e+00,-2.304333262145519257e-02,-3.047123551368713379e-03,4.997197911143302917e-02
1.520000000000000018e+00,-2.304336987435817719e-02,-3.047240432351827621e-03,4.997217282652854919e-02
1.525000000000000133e+00,-2.304336614906787872e-02,-3.047411562874913216e-03,4.997217655181884766e-02
1.530000000000000027e+00,-2.304340340197086334e-02,-3.047551028430461884e-03,4.997232556343078613e-02
1.535000000000000142e+00,-2.304337732493877411e-02,-3.047700040042400360e-03,4.997235909104347229e-02
1.540000000000000036e+00,-2.304335497319698334e-02,-3.047926118597388268e-03,4.997238144278526306e-02
1.544999999999999929e+00,-2.304331772029399872e-02,-3.048104932531714439e-03,4.997234418988227844e-02
1.550000000000000044e+00,-2.304339408874511719e-02,-3.048201091587543488e-03,4.997248202562332153e-02
1.554999999999999938e+00,-2.304341830313205719e-02,-3.048221813514828682e-03,4.997256025671958923e-02
1.560000000000000053e+00,-2.304348722100257874e-02,-3.047944745048880577e-03,4.997260123491287231e-02
1.564999999999999947e+00,-2.304359711706638336e-02,-3.047244856134057045e-03,4.997261986136436462e-02
1.570000000000000062e+00,-2.304371260106563568e-02,-3.046270227059721947e-03,4.997257515788078308e-02
1.574999999999999956e+00,-2.304374240338802338e-02,-3.045274643227458000e-03,4.997252300381660461e-02
1.580000000000000071e+00,-2.304379455745220184e-02,-3.044777316972613335e-03,4.997257515788078308e-02
1.584999999999999964e+00,-2.304367534816265106e-02,-3.044707002118229866e-03,4.997241869568824768e-02
1.590000000000000080e+00,-2.304363436996936798e-02,-3.044953802600502968e-03,4.997237399220466614e-02
1.594999999999999973e+00,-2.304363064467906952e-02,-3.045118181034922600e-03,4.997231066226959229e-02
1.600000000000000089e+00,-2.304360270500183105e-02,-3.045336809009313583e-03,4.997233673930168152e-02
1.604999999999999982e+00,-2.304360270500183105e-02,-3.045712132006883621e-03,4.997244849801063538e-02
1.610000000000000098e+00,-2.304349839687347412e-02,-3.046187572181224823e-03,4.997235164046287537e-02
1.614999999999999991e+00,-2.304343692958354950e-02,-3.046841360628604889e-03,4.997237399220466614e-02
1.620000000000000107e+00,-2.304335683584213257e-02,-3.047384321689605713e-03,4.997229203581809998e-02
1.625000000000000000e+00,-2.304335869848728180e-02,-3.047778736799955368e-03,4.997230693697929382e-02
1.630000000000000115e+00,-2.304337732493877411e-02,-3.047846257686614990e-03,4.997230693697929382e-02
1.635000000000000009e+00,-2.304342016577720642e-02,-3.047721693292260170e-03,4.997230321168899536e-02
1.640000000000000124e+00,-2.304343134164810181e-02,-3.047426231205463409e-03,4.997225850820541382e-02
1.645000000000000018e+00,-2.304354496300220490e-02,-3.046998986974358559e-03,4.997239634394645691e-02
1.650000000000000133e+00,-2.304355613887310028e-02,-3.046546597033739090e-03,4.997240751981735229e-02
1.655000000000000027e+00,-2.304355055093765259e-02,-3.046305850148200989e-03,4.997234046459197998e-02
1.660000000000000142e+00,-2.304358780384063721e-02,-3.046092344447970390e-03,4.997238144278526306e-02
1.665000000000000036e+00,-2.304364182054996490e-02,-3.045836929231882095e-03,4.997241869568824768e-02
1.669999999999999929e+00,-2.304362133145332336e-02,-3.045708639547228813e-03,4.997242987155914307e-02
1.675000000000000044e+00,-2.304364554584026337e-02,-3.045809222385287285e-03,4.997256398200988770e-02
1.679999999999999938e+00,-2.304364927113056183e-02,-3.045920515432953835e-03,4.997251182794570923e-02
1.685000000000000053e+00,-2.304365299642086029e-02,-3.045718185603618622e-03,4.997240751981735229e-02
1.689999999999999947e+00,-2.304366417229175568e-02,-3.045481164008378983e-03,4.997238889336585999e-02
1.695000000000000062e+00,-2.304370142519474030e-02,-3.045145189389586449e-03,4.997235536575317383e-02
1.699999999999999956e+00,-2.304379455745220184e-02,-3.044674638658761978e-03,4.997236654162406921e-02
1.705000000000000071e+00,-2.304383367300033569e-02,-3.044167533516883850e-03,4.997235536575317383e-02
1.709999999999999964e+00,-2.304377406835556030e-02,-3.044008743017911911e-03,4.997233673930168152e-02
1.715000000000000080e+00,-2.304374799132347107e-02,-3.044340293854475021e-03,4.997239261865615845e-02
1.719999999999999973e+00,-2.304362319409847260e-02,-3.044960787519812584e-03,4.997233301401138306e-02
1.725000000000000089e+00,-2.304357290267944336e-02,-3.045569406822323799e-03,4.997234418988227844e-02
1.729999999999999982e+00,-2.304359897971153259e-02,-3.045972669497132301e-03,4.997237399220466614e-02
1.735000000000000098e+00,-2.304363064467906952e-02,-3.046001540496945381e-03,4.997245967388153076e-02
1.739999999999999991e+00,-2.304360643029212952e-02,-3.045967314392328262e-03,4.997238516807556152e-02
1.745000000000000107e+00,-2.304361574351787567e-02,-3.045744961127638817e-03,4.997232556343078613e-02
1.750000000000000000e+00,-2.304363064467906952e-02,-3.045457648113369942e-03,4.997227713465690613e-02
1.755000000000000115e+00,-2.304363995790481567e-02,-3.045319346711039543e-03,4.997229203581809998e-02
1.760000000000000009e+00,-2.304361574351787567e-02,-3.045366844162344933e-03,4.997237771749496460e-02
1.765000000000000124e+00,-2.304360270500183105e-02,-3.045515622943639755e-03,4.997238516807556152e-02
1.770000000000000018e+00,-2.304353564977645874e-02,-3.045796416699886322e-03,4.997234791517257690e-02
1.775000000000000133e+00,-2.304352074861526489e-02,-3.046207595616579056e-03,4.997241497039794922e-02
1.780000000000000027e+00,-2.304352447390556335e-02,-3.046385245397686958e-03,4.997244849801063538e-02
1.785000000000000142e+00,-2.304349467158317566e-02,-3.046563826501369476e-03,4.997245222330093384e-02
1.790000000000000036e+00,-2.304346673190593719e-02,-3.046733094379305840e-03,4.997244849801063538e-02
1.794999999999999929e+00,-2.304344624280929565e-02,-3.046903526410460472e-03,4.997238144278526306e-02
1.800000000000000044e+00,-2.304343320429325104e-02,-3.047063713893294334e-03,4.997239634394645691e-02
1.804999999999999938e+00,-2.304340153932571411e-02,-3.047359408810734749e-03,4.997240751981735229e-02
1.810000000000000053e+00,-2.304338850080966949e-02,-3.047874663025140762e-03,4.997252300381660461e-02
1.814999999999999947e+00,-2.304342947900295258e-02,-3.048070240765810013e-03,4.997252300381660461e-02
1.820000000000000062e+00,-2.304344438016414642e-02,-3.048120066523551941e-03,4.997260123491287231e-02
1.824999999999999956e+00,-2.304333448410034180e-02,-3.048369660973548889e-03,4.997244477272033691e-02
1.830000000000000071e+00,-2.304338477551937103e-02,-3.048573387786746025e-03,4.997250810265541077e-02
1.834999999999999964e+00,-2.304339222609996796e-02,-3.048477694392204285e-03,4.997247830033302307e-02
1.840000000000000080e+00,-2.304342016577720642e-02,-3.048296319320797920e-03,4.997249692678451538e-02
1.844999999999999973e+00,-2.304341085255146027e-02,-3.048203187063336372e-03,4.997247457504272461e-02
1.850000000000000089e+00,-2.304344251751899719e-02,-3.048099577426910400e-03,4.997254908084869385e-02
1.854999999999999982e+00,-2.304340898990631104e-02,-3.048077691346406937e-03,4.997248575091362000e-02
1.860000000000000098e+00,-2.304343320429325104e-02,-3.047965234145522118e-03,4.997251555323600769e-02
1.864999999999999991e+00,-2.304348535835742950e-02,-3.047660691663622856e-03,4.997259005904197693e-02
1.870000000000000107e+00,-2.304346114397048950e-02,-3.047569422051310539e-03,4.997255280613899231e-02
1.875000000000000000e+00,-2.304346486926078796e-02,-3.047587582841515541e-03,4.997256770730018616e-02
1.880000000000000115e+00,-2.304349467158317566e-02,-3.047579433768987656e-03,4.997262358665466309e-02
1.885000000000000009e+00,-2.304353751242160797e-02,-3.047261387109756470e-03,4.997254535555839539e-02
1.890000000000000124e+00,-2.304360084235668182e-02,-3.046910976991057396e-03,4.997258633375167847e-02
1.895000000000000018e+00,-2.304357662796974182e-02,-3.046658588573336601e-03,4.997261986136436462e-02
1.900000000000000133e+00,-2.304349839687347412e-02,-3.046784084290266037e-03,4.997242987155914307e-02
1.905000000000000027e+00,-2.304348535835742950e-02,-3.046864410862326622e-03,4.997242614626884460e-02
1.910000000000000142e+00,-2.304346673190593719e-02,-3.047005040571093559e-03,4.997242987155914307e-02
1.915000000000000036e+00,-2.304347418248653412e-02,-3.046985017135739326e-03,4.997235164046287537e-02
1.919999999999999929e+00,-2.304350771009922028e-02,-3.046745201572775841e-03,4.997240379452705383e-02
1.925000000000000044e+00,-2.304358594119548798e-02,-3.046507714316248894e-03,4.997247084975242615e-02
1.929999999999999938e+00,-2.304366417229175568e-02,-3.045981517061591148e-03,4.997259005904197693e-02
1.935000000000000053e+00,-2.304363064467906952e-02,-3.045808058232069016e-03,4.997257143259048462e-02
1.939999999999999947e+00,-2.304355986416339874e-02,-3.045986406505107880e-03,4.997244477272033691e-02
1.945000000000000062e+00,-2.304344996809959412e-02,-3.046356141567230225e-03,4.997231438755989075e-02
1.949999999999999956e+00,-2.304343320429325104e-02,-3.046970814466476440e-03,4.997244477272033691e-02
1.955000000000000071e+00,-2.304341830313205719e-02,-3.047420643270015717e-03,4.997237399220466614e-02
1.959999999999999964e+00,-2.304343320429325104e-02,-3.047633450478315353e-03,4.997241869568824768e-02
1.965000000000000080e+00,-2.304349280893802643e-02,-3.047519829124212265e-03,4.997242614626884460e-02
1.969999999999999973e+00,-2.304350584745407104e-02,-3.047354519367218018e-03,4.997247830033302307e-02
1.975000000000000089e+00,-2.304350771009922028e-02,-3.047320758923888206e-03,4.997251182794570923e-02
1.979999999999999982e+00,-2.304341271519660950e-02,-3.047454170882701874e-03,4.997235164046287537e-02
1.985000000000000098e+00,-2.304342947900295258e-02,-3.047593170776963234e-03,4.997239634394645691e-02
1.989999999999999991e+00,-2.304343134164810181e-02,-3.047592006623744965e-03,4.997239634394645691e-02
1.995000000000000107e+00,-2.304342389106750488e-02,-3.047480713576078415e-03,4.997234791517257690e-02
