time_s,x_m,y_m,z_m,qx,qy,qz,qw
0.000000000000000000e+00,1.000000047497451305e-03,0.000000000000000000e+00,1.199975460767745972e-01,0.000000000000000000e+00,8.726535364985466003e-03,0.000000000000000000e+00,9.999619126319885254e-01
5.000000000000000104e-03,1.000000047497451305e-03,0.000000000000000000e+00,1.198381260037422180e-01,0.000000000000000000e+00,8.726535364985466003e-03,0.000000000000000000e+00,9.999619126319885254e-01
1.000000000000000021e-02,1.000000047497451305e-03,0.000000000000000000e+00,1.194334626197814941e-01,0.000000000000000000e+00,8.726535364985466003e-03,0.000000000000000000e+00,9.999619126319885254e-01
1.499999999999999944e-02,1.000000047497451305e-03,0.000000000000000000e+00,1.187835484743118286e-01,0.000000000000000000e+00,8.726535364985466003e-03,0.000000000000000000e+00,9.999619126319885254e-01
2.000000000000000042e-02,1.000000047497451305e-03,0.000000000000000000e+00,1.178883835673332214e-01,0.000000000000000000e+00,8.726535364985466003e-03,0.000000000000000000e+00,9.999619126319885254e-01
2.500000000000000139e-02,1.000000047497451305e-03,0.000000000000000000e+00,1.167479753494262695e-01,0.000000000000000000e+00,8.726535364985466003e-03,0.000000000000000000e+00,9.999619126319885254e-01
2.999999999999999889e-02,1.000000047497451305e-03,0.000000000000000000e+00,1.153623163700103760e-01,0.000000000000000000e+00,8.726535364985466003e-03,0.000000000000000000e+00,9.999619126319885254e-01
3.500000000000000333e-02,1.000000047497451305e-03,0.000000000000000000e+00,1.137314066290855408e-01,0.000000000000000000e+00,8.726535364985466003e-03,0.000000000000000000e+00,9.999619126319885254e-01
4.000000000000000083e-02,1.000000047497451305e-03,0.000000000000000000e+00,1.118552535772323608e-01,0.000000000000000000e+00,8.726535364985466003e-03,0.000000000000000000e+00,9.999619126319885254e-01
4.499999999999999833e-02,1.000000047497451305e-03,0.000000000000000000e+00,1.097338497638702393e-01,0.000000000000000000e+00,8.726535364985466003e-03,0.000000000000000000e+00,9.999619126319885254e-01
5.000000000000000278e-02,1.000000047497451305e-03,0.000000000000000000e+00,1.073671802878379822e-01,0.000000000000000000e+00,8.726535364985466003e-03,0.000000000000000000e+00,9.999619126319885254e-01
5.500000000000000028e-02,1.000000047497451305e-03,0.000000000000000000e+00,1.047552675008773804e-01,0.000000000000000000e+00,8.726535364985466003e-03,0.000000000000000000e+00,9.999619126319885254e-01
5.999999999999999778e-02,1.000000047497451305e-03,0.000000000000000000e+00,1.018981114029884338e-01,0.000000000000000000e+00,8.726535364985466003e-03,0.000000000000000000e+00,9.999619126319885254e-01
6.500000000000000222e-02,1.000000047497451305e-03,0.000000000000000000e+00,9.879569709300994873e-02,0.000000000000000000e+00,8.726535364985466003e-03,0.000000000000000000e+00,9.999619126319885254e-01
7.000000000000000666e-02,1.000000047497451305e-03,0.000000000000000000e+00,9.544803947210311890e-02,0.000000000000000000e+00,8.726535364985466003e-03,0.000000000000000000e+00,9.999619126319885254e-01
7.499999999999999722e-02,1.000000047497451305e-03,0.000000000000000000e+00,9.185513854026794434e-02,0.000000000000000000e+00,8.726535364985466003e-03,0.000000000000000000e+00,9.999619126319885254e-01
8.000000000000000167e-02,1.000000047497451305e-03,0.000000000000000000e+00,8.801697939634323120e-02,0.000000000000000000e+00,8.726535364985466003e-03,0.000000000000000000e+00,9.999619126319885254e-01
8.500000000000000611e-02,1.000000047497451305e-03,0.000000000000000000e+00,8.393357694149017334e-02,0.000000000000000000e+00,8.726535364985466003e-03,0.000000000000000000e+00,9.999619126319885254e-01
8.999999999999999667e-02,1.000000047497451305e-03,0.000000000000000000e+00,7.960493117570877075e-02,0.000000000000000000e+00,8.726535364985466003e-03,0.000000000000000000e+00,9.999619126319885254e-01
9.500000000000000111e-02,1.000000047497451305e-03,0.000000000000000000e+00,7.503102719783782959e-02,0.000000000000000000e+00,8.726535364985466003e-03,0.000000000000000000e+00,9.999619126319885254e-01
1.000000000000000056e-01,1.000000047497451305e-03,0.000000000000000000e+00,7.021187990903854370e-02,0.000000000000000000e+00,8.726535364985466003e-03,0.000000000000000000e+00,9.999619126319885254e-01
1.049999999999999961e-01,4.285595205146819353e-04,2.639719787111971527e-05,6.733389943838119507e-02,-1.233972841873764992e-03,-2.206186996772885323e-03,2.932109404355287552e-03,9.999924898147583008e-01
1.100000000000000006e-01,-5.700832116417586803e-04,1.491637667641043663e-04,6.732247024774551392e-02,-2.392225898802280426e-03,-2.028964459896087646e-02,5.838614422827959061e-03,9.997742176055908203e-01
1.150000000000000050e-01,-1.492356997914612293e-03,2.549320342950522900e-04,6.734164059162139893e-02,-4.213783890008926392e-03,-3.675283491611480713e-02,7.124100346118211746e-03,9.992901086807250977e-01
1.199999999999999956e-01,-2.346921246498823166e-03,3.639875212684273720e-04,6.737423688173294067e-02,-6.181078031659126282e-03,-5.176845565438270569e-02,8.719723671674728394e-03,9.986019730567932129e-01
1.250000000000000000e-01,-3.139683045446872711e-03,4.871750716120004654e-04,6.741683930158615112e-02,-8.480964228510856628e-03,-6.545285135507583618e-02,1.033670455217361450e-02,9.977660775184631348e-01
1.300000000000000044e-01,-3.875309135764837265e-03,6.111001712270081043e-04,6.746818870306015015e-02,-1.103521324694156647e-02,-7.805892080068588257e-02,1.137631945312023163e-02,9.968227744102478027e-01
1.350000000000000089e-01,-4.561153706163167953e-03,7.464016089215874672e-04,6.751886010169982910e-02,-1.388543564826250076e-02,-8.955954015254974365e-02,1.243818271905183792e-02,9.958070516586303711e-01
1.400000000000000133e-01,-5.202336702495813370e-03,8.936657686717808247e-04,6.756962835788726807e-02,-1.707810908555984497e-02,-9.988213330507278442e-02,1.376657001674175262e-02,9.947575330734252930e-01
1.449999999999999900e-01,-5.788077134639024734e-03,1.056117820553481579e-03,6.762129068374633789e-02,-2.017243392765522003e-02,-1.099311038851737976e-01,1.490393280982971191e-02,9.936227798461914062e-01
1.499999999999999944e-01,-6.322286557406187057e-03,1.215626485645771027e-03,6.769105046987533569e-02,-2.301512844860553741e-02,-1.196981146931648254e-01,1.585284434258937836e-02,9.924169182777404785e-01
1.549999999999999989e-01,-6.818516645580530167e-03,1.365192234516143799e-03,6.778069585561752319e-02,-2.564626187086105347e-02,-1.287416517734527588e-01,1.673148944973945618e-02,9.912052750587463379e-01
1.600000000000000033e-01,-7.285289932042360306e-03,1.505318330600857735e-03,6.785683333873748779e-02,-2.811174653470516205e-02,-1.372146606445312500e-01,1.756917126476764679e-02,9.899864792823791504e-01
1.650000000000000078e-01,-7.725822739303112030e-03,1.635137479752302170e-03,6.792088598012924194e-02,-3.040059469640254974e-02,-1.451839506626129150e-01,1.835047453641891479e-02,9.887673258781433105e-01
1.700000000000000122e-01,-8.142806589603424072e-03,1.755106146447360516e-03,6.797513365745544434e-02,-3.252129629254341125e-02,-1.527010053396224976e-01,1.907338947057723999e-02,9.875530600547790527e-01
1.750000000000000167e-01,-8.538810536265373230e-03,1.865947269834578037e-03,6.802088022232055664e-02,-3.448718786239624023e-02,-1.598172932863235474e-01,1.973869092762470245e-02,9.863464832305908203e-01
1.799999999999999933e-01,-8.916310034692287445e-03,1.968351425603032112e-03,6.805919855833053589e-02,-3.631091862916946411e-02,-1.665813922882080078e-01,2.034703828394412994e-02,9.851487874984741211e-01
1.849999999999999978e-01,-9.277409873902797699e-03,2.064269268885254860e-03,6.809155642986297607e-02,-3.802311420440673828e-02,-1.730299144983291626e-01,2.091574482619762421e-02,9.839600920677185059e-01
1.900000000000000022e-01,-9.624148719012737274e-03,2.155354246497154236e-03,6.811806559562683105e-02,-3.965210542082786560e-02,-1.792072206735610962e-01,2.145927585661411285e-02,9.827777147293090820e-01
1.950000000000000067e-01,-9.958767332136631012e-03,2.242168411612510681e-03,6.813938170671463013e-02,-4.120841994881629944e-02,-1.851555258035659790e-01,2.197848632931709290e-02,9.815988540649414062e-01
2.000000000000000111e-01,-1.028344780206680298e-02,2.325196983292698860e-03,6.815614551305770874e-02,-4.270143806934356689e-02,-1.909156441688537598e-01,2.247337624430656433e-02,9.804196953773498535e-01
2.050000000000000155e-01,-1.060032844543457031e-02,2.404920989647507668e-03,6.816866993904113770e-02,-4.414025321602821350e-02,-1.965265572071075439e-01,2.294400148093700409e-02,9.792356491088867188e-01
2.099999999999999922e-01,-1.091149356216192245e-02,2.481850562617182732e-03,6.817729026079177856e-02,-4.553444683551788330e-02,-2.020263522863388062e-01,2.339099720120429993e-02,9.780414104461669922e-01
2.149999999999999967e-01,-1.121898926794528961e-02,2.556484425440430641e-03,6.818224489688873291e-02,-4.689338058233261108e-02,-2.074521332979202271e-01,2.381491661071777344e-02,9.768303632736206055e-01
2.200000000000000011e-01,-1.152484212070703506e-02,2.629290567710995674e-03,6.818372011184692383e-02,-4.822609201073646545e-02,-2.128407806158065796e-01,2.421599999070167542e-02,9.755955934524536133e-01
2.250000000000000056e-01,-1.183113362640142441e-02,2.700306242331862450e-03,6.818202883005142212e-02,-4.953540861606597900e-02,-2.182309627532958984e-01,2.458765171468257904e-02,9.743289351463317871e-01
2.300000000000000100e-01,-1.213994901627302170e-02,2.769829006865620613e-03,6.817670166492462158e-02,-5.082705244421958923e-02,-2.236573696136474609e-01,2.492711134254932404e-02,9.730224609375000000e-01
2.350000000000000144e-01,-1.245332416146993637e-02,2.838316140696406364e-03,6.816755980253219604e-02,-5.210974067449569702e-02,-2.291561067104339600e-01,2.523424290120601654e-02,9.716662168502807617e-01
2.399999999999999911e-01,-1.277331542223691940e-02,2.906226320192217827e-03,6.815437227487564087e-02,-5.339225009083747864e-02,-2.347636371850967407e-01,2.550888434052467346e-02,9.702497720718383789e-01
2.449999999999999956e-01,-1.310202479362487793e-02,2.973957918584346771e-03,6.813680380582809448e-02,-5.468251183629035950e-02,-2.405171394348144531e-01,2.574969083070755005e-02,9.687612056732177734e-01
2.500000000000000000e-01,-1.344162132591009140e-02,3.041821299120783806e-03,6.811437755823135376e-02,-5.598704144358634949e-02,-2.464546412229537964e-01,2.595355734229087830e-02,9.671877026557922363e-01
2.550000000000000044e-01,-1.379429828375577927e-02,3.110278630629181862e-03,6.808648258447647095e-02,-5.731471627950668335e-02,-2.526145875453948975e-01,2.611987851560115814e-02,9.655147790908813477e-01
2.600000000000000089e-01,-1.416230760514736176e-02,3.179807448759675026e-03,6.805238872766494751e-02,-5.867465957999229431e-02,-2.590365707874298096e-01,2.624808624386787415e-02,9.637263417243957520e-01
2.650000000000000133e-01,-1.454800833016633987e-02,3.250577254220843315e-03,6.801043450832366943e-02,-6.007106229662895203e-02,-2.657612264156341553e-01,2.633136697113513947e-02,9.618051648139953613e-01
2.700000000000000178e-01,-1.495407894253730774e-02,3.322389675304293633e-03,6.796078383922576904e-02,-6.150342524051666260e-02,-2.728371918201446533e-01,2.635501511394977570e-02,9.597305059432983398e-01
2.750000000000000222e-01,-1.538266241550445557e-02,3.397070569917559624e-03,6.790201365947723389e-02,-6.300121545791625977e-02,-2.803029417991638184e-01,2.634451165795326233e-02,9.574795365333557129e-01
2.800000000000000266e-01,-1.583630219101905823e-02,3.474913304671645164e-03,6.783153861761093140e-02,-6.457044929265975952e-02,-2.882024347782135010e-01,2.629444375634193420e-02,9.550280570983886719e-01
2.850000000000000311e-01,-1.631801575422286987e-02,3.554915310814976692e-03,6.774732470512390137e-02,-6.619775295257568359e-02,-2.965897321701049805e-01,2.617075666785240173e-02,9.523484110832214355e-01
2.899999999999999800e-01,-1.683070883154869080e-02,3.637380199506878853e-03,6.764832139015197754e-02,-6.789001077413558960e-02,-3.055199980735778809e-01,2.596593089401721954e-02,9.494073390960693359e-01
2.949999999999999845e-01,-1.737718284130096436e-02,3.722947323694825172e-03,6.753191351890563965e-02,-6.965826451778411865e-02,-3.150455057621002197e-01,2.567964605987071991e-02,9.461684226989746094e-01
2.999999999999999889e-01,-1.796026527881622314e-02,3.812283044680953026e-03,6.739504635334014893e-02,-7.151401787996292114e-02,-3.252203464508056641e-01,2.531202137470245361e-02,9.425905346870422363e-01
3.049999999999999933e-01,-1.858282275497913361e-02,3.906077006831765175e-03,6.723416596651077271e-02,-7.346926629543304443e-02,-3.361011147499084473e-01,2.486365661025047302e-02,9.386267662048339844e-01
3.099999999999999978e-01,-1.924767345190048218e-02,4.005610477179288864e-03,6.704568862915039062e-02,-7.554610073566436768e-02,-3.477472662925720215e-01,2.435006387531757355e-02,9.342225790023803711e-01
3.150000000000000022e-01,-1.995748467743396759e-02,4.111072979867458344e-03,6.682373583316802979e-02,-7.774800062179565430e-02,-3.602153658866882324e-01,2.376028522849082947e-02,9.293199777603149414e-01
3.200000000000000067e-01,-2.071507647633552551e-02,4.222677554935216904e-03,6.656313687562942505e-02,-8.008005470037460327e-02,-3.735713958740234375e-01,2.308328449726104736e-02,9.238499999046325684e-01
3.250000000000000111e-01,-2.152289450168609619e-02,4.340962972491979599e-03,6.625748425722122192e-02,-8.255226165056228638e-02,-3.878796696662902832e-01,2.231766097247600555e-02,9.177343845367431641e-01
3.300000000000000155e-01,-2.238296717405319214e-02,4.466544836759567261e-03,6.589921563863754272e-02,-8.517629653215408325e-02,-4.032036066055297852e-01,2.146639861166477203e-02,9.108847975730895996e-01
3.350000000000000200e-01,-2.329689450562000275e-02,4.600078333169221878e-03,6.548009067773818970e-02,-8.796606212854385376e-02,-4.196087718009948730e-01,2.053642831742763519e-02,9.031991362571716309e-01
3.400000000000000244e-01,-2.426544018089771271e-02,4.741871263831853867e-03,6.499017775058746338e-02,-9.093022346496582031e-02,-4.371563494205474854e-01,1.952902786433696747e-02,8.945640325546264648e-01
3.450000000000000289e-01,-2.528864517807960510e-02,4.891525488346815109e-03,6.441859900951385498e-02,-9.406599402427673340e-02,-4.559094905853271484e-01,1.842561177909374237e-02,8.848496079444885254e-01
3.500000000000000333e-01,-2.636509202420711517e-02,5.049078725278377533e-03,6.375311315059661865e-02,-9.738036990165710449e-02,-4.759236872196197510e-01,1.723130047321319580e-02,8.739089369773864746e-01
3.549999999999999822e-01,-2.749163657426834106e-02,5.214132834225893021e-03,6.297978758811950684e-02,-1.008748933672904968e-01,-4.972448348999023438e-01,1.594682782888412476e-02,8.615785837173461914e-01
3.599999999999999867e-01,-2.866307273507118225e-02,5.385946948081254959e-03,6.208349391818046570e-02,-1.045485958456993103e-01,-5.199102163314819336e-01,1.457414962351322174e-02,8.476737141609191895e-01
3.649999999999999911e-01,-2.987156435847282410e-02,5.563511047512292862e-03,6.104802712798118591e-02,-1.084018796682357788e-01,-5.439442992210388184e-01,1.312685105949640274e-02,8.319864273071289062e-01
3.699999999999999956e-01,-3.110550530254840851e-02,5.745058879256248474e-03,5.985499918460845947e-02,-1.124261543154716492e-01,-5.693383216857910156e-01,1.161632034927606583e-02,8.142967820167541504e-01
3.750000000000000000e-01,-3.234964981675148010e-02,5.928085185587406158e-03,5.848610028624534607e-02,-1.166077554225921631e-01,-5.960702300071716309e-01,1.005109958350658417e-02,7.943563461303710938e-01
3.800000000000000044e-01,-3.358398750424385071e-02,6.109111011028289795e-03,5.692281201481819153e-02,-1.209200173616409302e-01,-6.240862607955932617e-01,8.425239473581314087e-03,7.718961834907531738e-01
3.850000000000000089e-01,-3.479078412055969238e-02,6.285182200372219086e-03,5.515751242637634277e-02,-1.253662109375000000e-01,-6.534357666969299316e-01,6.764553021639585495e-03,7.464979887008666992e-01
3.900000000000000133e-01,-3.600673750042915344e-02,6.411829032003879547e-03,5.352168902754783630e-02,-1.271344125270843506e-01,-6.864737868309020996e-01,1.506027998402714729e-03,7.159526944160461426e-01
3.950000000000000178e-01,-3.702759742736816406e-02,6.188825238496065140e-03,5.398785695433616638e-02,-1.199248135089874268e-01,-7.153399586677551270e-01,-9.999787434935569763e-03,6.883361935615539551e-01
4.000000000000000222e-01,-3.795529901981353760e-02,5.944212432950735092e-03,5.452504754066467285e-02,-1.117480322718620300e-01,-7.397667169570922852e-01,-2.036626450717449188e-02,6.632065176963806152e-01
4.050000000000000266e-01,-3.884121775627136230e-02,5.701177287846803665e-03,5.498911812901496887e-02,-1.029876694083213806e-01,-7.614775300025939941e-01,-3.004570864140987396e-02,6.392518281936645508e-01
4.100000000000000311e-01,-3.968670219182968140e-02,5.451982840895652771e-03,5.539068207144737244e-02,-9.350284934043884277e-02,-7.807661294937133789e-01,-3.925164416432380676e-02,6.165394186973571777e-01
4.150000000000000355e-01,-4.048894718289375305e-02,5.195748992264270782e-03,5.574336275458335876e-02,-8.346847444772720337e-02,-7.978435754776000977e-01,-4.797055199742317200e-02,5.951281785964965820e-01
4.199999999999999845e-01,-4.124680906534194946e-02,4.932512529194355011e-03,5.606460198760032654e-02,-7.303930073976516724e-02,-8.128327131271362305e-01,-5.621977895498275757e-02,5.751587748527526855e-01
4.249999999999999889e-01,-4.196080192923545837e-02,4.663836210966110229e-03,5.634499713778495789e-02,-6.233065575361251831e-02,-8.260344266891479492e-01,-6.406047940254211426e-02,5.564875602722167969e-01
4.299999999999999933e-01,-4.263335466384887695e-02,4.387800581753253937e-03,5.658281967043876648e-02,-5.129451304674148560e-02,-8.376958966255187988e-01,-7.162521779537200928e-02,5.389845967292785645e-01
4.349999999999999978e-01,-4.326543956995010376e-02,4.102700389921665192e-03,5.678971111774444580e-02,-3.996242210268974304e-02,-8.479472398757934570e-01,-7.896743714809417725e-02,5.226401686668395996e-01
4.400000000000000022e-01,-4.385925456881523132e-02,3.808613866567611694e-03,5.698977038264274597e-02,-2.840544283390045166e-02,-8.567156195640563965e-01,-8.615893125534057617e-02,5.077481865882873535e-01
4.450000000000000067e-01,-4.441549256443977356e-02,3.503483952954411507e-03,5.715595185756683350e-02,-1.657398231327533722e-02,-8.643640279769897461e-01,-9.326137602329254150e-02,4.938647747039794922e-01
4.500000000000000111e-01,-4.493937641382217407e-02,3.187449416145682335e-03,5.729043483734130859e-02,-4.476898815482854843e-03,-8.709555864334106445e-01,-1.003337204456329346e-01,4.809882342815399170e-01
4.550000000000000155e-01,-4.543704167008399963e-02,2.861613407731056213e-03,5.738858878612518311e-02,7.865944877266883850e-03,-8.765552043914794922e-01,-1.074240356683731079e-01,4.690939188003540039e-01
4.600000000000000200e-01,-4.591403529047966003e-02,2.527043689042329788e-03,5.744444206357002258e-02,2.041728049516677856e-02,-8.812286853790283203e-01,-1.145590469241142273e-01,4.581434428691864014e-01
4.650000000000000244e-01,-4.637536033987998962e-02,2.177762798964977264e-03,5.746409669518470764e-02,3.335323557257652283e-02,-8.849930763244628906e-01,-1.218878030776977539e-01,4.481274187564849854e-01
4.700000000000000289e-01,-4.682310298085212708e-02,1.816157833673059940e-03,5.746229365468025208e-02,4.663908481597900391e-02,-8.878557682037353516e-01,-1.294699460268020630e-01,4.390609264373779297e-01
4.750000000000000333e-01,-4.725676029920578003e-02,1.453869510442018509e-03,5.743217095732688904e-02,5.987266078591346741e-02,-8.899185657501220703e-01,-1.370968967676162720e-01,4.308883547782897949e-01
4.799999999999999822e-01,-4.765680059790611267e-02,1.139092026278376579e-03,5.742162093520164490e-02,7.259530574083328247e-02,-8.911604881286621094e-01,-1.449801176786422729e-01,4.237259328365325928e-01
4.849999999999999867e-01,-4.805292561650276184e-02,8.072793716564774513e-04,5.733461678028106689e-02,8.465421199798583984e-02,-8.918727636337280273e-01,-1.523470133543014526e-01,4.173572361469268799e-01
4.899999999999999911e-01,-4.844795167446136475e-02,4.547222633846104145e-04,5.722758546471595764e-02,9.695594012737274170e-02,-8.919037580490112305e-01,-1.599866449832916260e-01,4.117178320884704590e-01
4.949999999999999956e-01,-4.883672297000885010e-02,1.059793794411234558e-04,5.711354315280914307e-02,1.095137521624565125e-01,-8.913356661796569824e-01,-1.680314391851425171e-01,4.065623283386230469e-01
5.000000000000000000e-01,-4.921697080135345459e-02,-2.275173173984512687e-04,5.699291825294494629e-02,1.218479648232460022e-01,-8.903051018714904785e-01,-1.761473119258880615e-01,4.018481671810150146e-01
5.050000000000000044e-01,-4.959120228886604309e-02,-5.512055940926074982e-04,5.685953795909881592e-02,1.338661909103393555e-01,-8.888892531394958496e-01,-1.842172294855117798e-01,3.975170552730560303e-01
5.100000000000000089e-01,-4.995702579617500305e-02,-8.591171354055404663e-04,5.671890079975128174e-02,1.456107497215270996e-01,-8.871213793754577637e-01,-1.922917962074279785e-01,3.934934139251708984e-01
5.150000000000000133e-01,-5.031859129667282104e-02,-1.162615255452692509e-03,5.652865394949913025e-02,1.570044755935668945e-01,-8.851080536842346191e-01,-2.002209722995758057e-01,3.896729946136474609e-01
5.200000000000000178e-01,-5.067936703562736511e-02,-1.473461161367595196e-03,5.631964653730392456e-02,1.682725548744201660e-01,-8.828712105751037598e-01,-2.080954164266586304e-01,3.859004080295562744e-01
5.250000000000000222e-01,-5.104281380772590637e-02,-1.802702085115015507e-03,5.607782304286956787e-02,1.797507107257843018e-01,-8.803901076316833496e-01,-2.161135971546173096e-01,3.819659948348999023e-01
5.300000000000000266e-01,-5.140966922044754028e-02,-2.153468783944845200e-03,5.582619085907936096e-02,1.917416751384735107e-01,-8.776345252990722656e-01,-2.244479358196258545e-01,3.776453137397766113e-01
5.350000000000000311e-01,-5.177921056747436523e-02,-2.523616887629032135e-03,5.556908249855041504e-02,2.043562531471252441e-01,-8.746275901794433594e-01,-2.330952435731887817e-01,3.727355301380157471e-01
5.400000000000000355e-01,-5.215228348970413208e-02,-2.915286691859364510e-03,5.527901276946067810e-02,2.175927907228469849e-01,-8.713786602020263672e-01,-2.420035153627395630e-01,3.671334683895111084e-01
5.450000000000000400e-01,-5.253046751022338867e-02,-3.333589993417263031e-03,5.497504770755767822e-02,2.316517233848571777e-01,-8.678581714630126953e-01,-2.512336373329162598e-01,3.606123924255371094e-01
5.500000000000000444e-01,-5.290798842906951904e-02,-3.764599794521927834e-03,5.467884987592697144e-02,2.466183304786682129e-01,-8.640708923339843750e-01,-2.606843709945678711e-01,3.529938757419586182e-01
5.550000000000000488e-01,-5.329031124711036682e-02,-4.219614434987306595e-03,5.434347316622734070e-02,2.622741758823394775e-01,-8.600819110870361328e-01,-2.701464295387268066e-01,3.442270457744598389e-01
5.600000000000000533e-01,-5.368139594793319702e-02,-4.706150386482477188e-03,5.399692803621292114e-02,2.789683938026428223e-01,-8.558415174484252930e-01,-2.796702384948730469e-01,3.339110314846038818e-01
5.650000000000000577e-01,-5.408283323049545288e-02,-5.223408807069063187e-03,5.363721027970314026e-02,2.968238294124603271e-01,-8.512780070304870605e-01,-2.891753017902374268e-01,3.218680918216705322e-01
5.700000000000000622e-01,-5.449673160910606384e-02,-5.770996212959289551e-03,5.326019600033760071e-02,3.159047961235046387e-01,-8.463117480278015137e-01,-2.985308766365051270e-01,3.079611361026763916e-01
5.750000000000000666e-01,-5.492593720555305481e-02,-6.348673719912767410e-03,5.286256596446037292e-02,3.362757563591003418e-01,-8.408421874046325684e-01,-3.075822889804840088e-01,2.920551002025604248e-01
5.799999999999999600e-01,-5.537374690175056458e-02,-6.956503726541996002e-03,5.244165286421775818e-02,3.579924106597900391e-01,-8.347435593605041504e-01,-3.161523342132568359e-01,2.740299701690673828e-01
5.849999999999999645e-01,-5.584375187754631042e-02,-7.593969814479351044e-03,5.199221149086952209e-02,3.810962438583374023e-01,-8.278586864471435547e-01,-3.240420818328857422e-01,2.537958621978759766e-01
5.899999999999999689e-01,-5.633773654699325562e-02,-8.257719688117504120e-03,5.148976296186447144e-02,4.055004119873046875e-01,-8.200029730796813965e-01,-3.310534060001373291e-01,2.314481437206268311e-01
5.949999999999999734e-01,-5.685697868466377258e-02,-8.944923989474773407e-03,5.090751498937606812e-02,4.311322867870330811e-01,-8.109421730041503906e-01,-3.370500206947326660e-01,2.071113586425781250e-01
5.999999999999999778e-01,-5.740978941321372986e-02,-9.659040719270706177e-03,5.024534836411476135e-02,4.583359956741333008e-01,-8.002669811248779297e-01,-3.419534862041473389e-01,1.804685294628143311e-01
6.049999999999999822e-01,-5.799924209713935852e-02,-1.039956975728273392e-02,4.949585348367691040e-02,4.869295954704284668e-01,-7.878100872039794922e-01,-3.453751802444458008e-01,1.515617221593856812e-01
6.099999999999999867e-01,-5.862644687294960022e-02,-1.116278115659952164e-02,4.864054918289184570e-02,5.167824625968933105e-01,-7.733129262924194336e-01,-3.469930887222290039e-01,1.204936876893043518e-01
6.149999999999999911e-01,-5.929498746991157532e-02,-1.194429770112037659e-02,4.767494276165962219e-02,5.477952361106872559e-01,-7.565395236015319824e-01,-3.463284075260162354e-01,8.732149749994277954e-02
6.199999999999999956e-01,-6.001311168074607849e-02,-1.273942366242408752e-02,4.663766548037528992e-02,5.800021290779113770e-01,-7.372623085975646973e-01,-3.425573408603668213e-01,5.192653462290763855e-02
6.250000000000000000e-01,-6.073123589158058167e-02,-1.353454962372779846e-02,4.535514116287231445e-02,6.111267805099487305e-01,-7.162069678306579590e-01,-3.365809321403503418e-01,1.687882840633392334e-02
6.300000000000000044e-01,-6.145220994949340820e-02,-1.433044392615556717e-02,4.383263736963272095e-02,6.411755681037902832e-01,-6.933627724647521973e-01,-3.283668756484985352e-01,-1.781037077307701111e-02
6.350000000000000089e-01,-6.218308582901954651e-02,-1.512895245105028152e-02,4.208276793360710144e-02,6.702913045883178711e-01,-6.685813069343566895e-01,-3.177651762962341309e-01,-5.228650197386741638e-02
6.400000000000000133e-01,-6.291414052248001099e-02,-1.592750474810600281e-02,4.008794948458671570e-02,6.979905962944030762e-01,-6.421813368797302246e-01,-3.049854040145874023e-01,-8.600198477506637573e-02
6.450000000000000178e-01,-6.364519149065017700e-02,-1.672605797648429871e-02,3.784787654876708984e-02,7.241725921630859375e-01,-6.142547130584716797e-01,-2.900814712047576904e-01,-1.188192516565322876e-01
6.500000000000000222e-01,-6.437624245882034302e-02,-1.752461120486259460e-02,3.536255657672882080e-02,7.487488389015197754e-01,-5.848944187164306641e-01,-2.731116712093353271e-01,-1.506111472845077515e-01
6.550000000000000266e-01,-6.510729342699050903e-02,-1.832316443324089050e-02,3.263198584318161011e-02,7.716366052627563477e-01,-5.541984438896179199e-01,-2.541418373584747314e-01,-1.812542229890823364e-01
6.600000000000000311e-01,-6.583834439516067505e-02,-1.912171766161918640e-02,2.965616807341575623e-02,7.927588820457458496e-01,-5.222694873809814453e-01,-2.332450300455093384e-01,-2.106292098760604858e-01
6.650000000000000355e-01,-6.656939536333084106e-02,-1.992027088999748230e-02,2.643510140478610992e-02,8.120454549789428711e-01,-4.892149567604064941e-01,-2.105013877153396606e-01,-2.386214435100555420e-01
6.700000000000000400e-01,-6.730044633150100708e-02,-2.071882411837577820e-02,2.296878769993782043e-02,8.294321894645690918e-01,-4.551460146903991699e-01,-1.859978437423706055e-01,-2.651211619377136230e-01
6.750000000000000444e-01,-6.803149729967117310e-02,-2.151737734675407410e-02,1.925722509622573853e-02,8.448618054389953613e-01,-4.201778471469879150e-01,-1.598278731107711792e-01,-2.900242507457733154e-01
6.800000000000000488e-01,-6.876254826784133911e-02,-2.231593057513237000e-02,1.530041359364986420e-02,8.582844734191894531e-01,-3.844287395477294922e-01,-1.320909857749938965e-01,-3.132322430610656738e-01
6.850000000000000533e-01,-6.949359923601150513e-02,-2.311448380351066589e-02,1.109835132956504822e-02,8.696568608283996582e-01,-3.480196297168731689e-01,-1.028925031423568726e-01,-3.346528112888336182e-01
6.900000000000000577e-01,-7.022465020418167114e-02,-2.391303703188896179e-02,6.651040632277727127e-03,8.789435625076293945e-01,-3.110740184783935547e-01,-7.234314084053039551e-02,-3.542000055313110352e-01
6.950000000000000622e-01,-7.095570117235183716e-02,-2.471159026026725769e-02,1.958479871973395348e-03,8.861165046691894531e-01,-2.737173438072204590e-01,-4.055859893560409546e-02,-3.717949092388153076e-01
7.000000000000000666e-01,-7.168675214052200317e-02,-2.551014348864555359e-02,-2.979330020025372505e-03,8.911549448966979980e-01,-2.360765486955642700e-01,-7.659135852009057999e-03,-3.873657286167144775e-01
7.049999999999999600e-01,-7.241780310869216919e-02,-2.630869671702384949e-02,-8.162389509379863739e-03,8.940460681915283203e-01,-1.982794702053070068e-01,2.623083628714084625e-02,-4.008477628231048584e-01
7.099999999999999645e-01,-7.314885407686233521e-02,-2.710724994540214539e-02,-1.359069813042879105e-02,8.947845697402954102e-01,-1.604547202587127686e-01,6.098322942852973938e-02,-4.121842682361602783e-01
7.149999999999999689e-01,-7.387990504503250122e-02,-2.790580317378044128e-02,-1.926425471901893616e-02,8.933733105659484863e-01,-1.227308064699172974e-01,9.646671265363693237e-02,-4.213260114192962646e-01
7.199999999999999734e-01,-7.461095601320266724e-02,-2.870435640215873718e-02,-2.518306486308574677e-02,8.898222446441650391e-01,-8.523590117692947388e-02,1.325471997261047363e-01,-4.282318353652954102e-01
7.249999999999999778e-01,-7.534200698137283325e-02,-2.950290963053703308e-02,-3.134712204337120056e-02,8.841496109962463379e-01,-4.809742793440818787e-02,1.690883487462997437e-01,-4.328688085079193115e-01
7.299999999999999822e-01,-7.607305794954299927e-02,-3.030146285891532898e-02,-3.775642812252044678e-02,8.763808608055114746e-01,-1.144150178879499435e-02,2.059520483016967773e-01,-4.352121055126190186e-01
7.349999999999999867e-01,-7.680410891771316528e-02,-3.110001608729362488e-02,-4.441098123788833618e-02,8.665491938591003418e-01,2.460754476487636566e-02,2.429989427328109741e-01,-4.352454841136932373e-01
7.399999999999999911e-01,-7.753515988588333130e-02,-3.189856931567192078e-02,-5.131078511476516724e-02,8.546951413154602051e-01,5.992756783962249756e-02,2.800888419151306152e-01,-4.329609274864196777e-01
7.449999999999999956e-01,-7.826621085405349731e-02,-3.269712254405021667e-02,-5.845583602786064148e-02,8.408666849136352539e-01,9.439904987812042236e-02,3.170813322067260742e-01,-4.283590614795684814e-01
7.500000000000000000e-01,-7.899726182222366333e-02,-3.349567577242851257e-02,-6.584613770246505737e-02,8.251187801361083984e-01,1.279055774211883545e-01,3.538362681865692139e-01,-4.214488863945007324e-01
7.550000000000000044e-01,-7.972831279039382935e-02,-3.429422900080680847e-02,-7.348169386386871338e-02,8.075131773948669434e-01,1.603342592716217041e-01,3.902143239974975586e-01,-4.122478067874908447e-01
7.600000000000000089e-01,-8.045936375856399536e-02,-3.509278222918510437e-02,-8.136249333620071411e-02,7.881186008453369141e-01,1.915760785341262817e-01,4.260772764682769775e-01,-4.007815122604370117e-01
7.650000000000000133e-01,-8.119041472673416138e-02,-3.589133545756340027e-02,-8.948854357004165649e-02,7.670100331306457520e-01,2.215263843536376953e-01,4.612889587879180908e-01,-3.870842158794403076e-01
7.700000000000000178e-01,-8.192146569490432739e-02,-3.668988868594169617e-02,-9.785984456539154053e-02,7.442687153816223145e-01,2.500851452350616455e-01,4.957151412963867188e-01,-3.711982071399688721e-01
7.750000000000000222e-01,-8.265251666307449341e-02,-3.748844191431999207e-02,-1.064763888716697693e-01,7.199816107749938965e-01,2.771573960781097412e-01,5.292245745658874512e-01,-3.531737327575683594e-01
7.800000000000000266e-01,-8.338356763124465942e-02,-3.828699514269828796e-02,-1.153381839394569397e-01,6.942415833473205566e-01,3.026536703109741211e-01,5.616891384124755859e-01,-3.330688178539276123e-01
7.850000000000000311e-01,-8.411461859941482544e-02,-3.908554837107658386e-02,-1.244452297687530518e-01,6.671462655067443848e-01,3.264901638031005859e-01,5.929844379425048828e-01,-3.109492659568786621e-01
7.900000000000000355e-01,-8.484566956758499146e-02,-3.988410159945487976e-02,-1.337975263595581055e-01,6.387986540794372559e-01,3.485890328884124756e-01,6.229904294013977051e-01,-2.868883311748504639e-01
7.950000000000000400e-01,-8.557672053575515747e-02,-4.068265482783317566e-02,-1.433950811624526978e-01,6.093060374259948730e-01,3.688789308071136475e-01,6.515913605690002441e-01,-2.609661817550659180e-01
8.000000000000000444e-01,-8.630777150392532349e-02,-4.148120805621147156e-02,-1.532378792762756348e-01,5.787796974182128906e-01,3.872948884963989258e-01,6.786766648292541504e-01,-2.332699596881866455e-01
8.050000000000000488e-01,-8.703882247209548950e-02,-4.227976128458976746e-02,-1.633259207010269165e-01,5.473346114158630371e-01,4.037791192531585693e-01,7.041413187980651855e-01,-2.038933038711547852e-01
8.100000000000000533e-01,-8.776987344026565552e-02,-4.307831451296806335e-02,-1.736592203378677368e-01,5.150895118713378906e-01,4.182803630828857422e-01,7.278857231140136719e-01,-1.729360520839691162e-01
8.150000000000000577e-01,-8.850092440843582153e-02,-4.387686774134635925e-02,-1.842377632856369019e-01,4.821656346321105957e-01,4.307548701763153076e-01,7.498167753219604492e-01,-1.405038088560104370e-01
8.200000000000000622e-01,-8.923197537660598755e-02,-4.467542096972465515e-02,-1.950615644454956055e-01,4.486867189407348633e-01,4.411664903163909912e-01,7.698478698730468750e-01,-1.067078933119773865e-01
8.250000000000000666e-01,-8.996302634477615356e-02,-4.547397419810295105e-02,-2.061306089162826538e-01,4.147785604000091553e-01,4.494863152503967285e-01,7.878991961479187012e-01,-7.166441529989242554e-02
8.300000000000000711e-01,-9.069407731294631958e-02,-4.627252742648124695e-02,-2.174448966979980469e-01,3.805682659149169922e-01,4.556929767131805420e-01,8.038979172706604004e-01,-3.549417480826377869e-02
8.349999999999999645e-01,-9.142512828111648560e-02,-4.707108065485954285e-02,-2.290044277906417847e-01,3.461842238903045654e-01,4.597730636596679688e-01,8.177790045738220215e-01,1.677798107266426086e-03
8.399999999999999689e-01,-9.215617924928665161e-02,-4.786963388323783875e-02,-2.408092170953750610e-01,3.117552697658538818e-01,4.617207944393157959e-01,8.294846415519714355e-01,3.972275555133819580e-02
8.449999999999999734e-01,-9.288723021745681763e-02,-4.866818711161613464e-02,-2.528592646121978760e-01,2.774105668067932129e-01,4.615382850170135498e-01,8.389649987220764160e-01,7.850866764783859253e-02
8.499999999999999778e-01,-9.361828118562698364e-02,-4.946674033999443054e-02,-2.651545405387878418e-01,2.432787418365478516e-01,4.592352509498596191e-01,8.461784124374389648e-01,1.179006919264793396e-01
8.549999999999999822e-01,-9.434933215379714966e-02,-5.026529356837272644e-02,-2.776950895786285400e-01,2.094877213239669800e-01,4.548292458057403564e-01,8.510914444923400879e-01,1.577617079019546509e-01
8.599999999999999867e-01,-9.508038312196731567e-02,-5.106384679675102234e-02,-2.904808819293975830e-01,1.761640459299087524e-01,4.483456015586853027e-01,8.536785840988159180e-01,1.979527920484542847e-01
8.649999999999999911e-01,-9.581143409013748169e-02,-5.186240002512931824e-02,-3.035119175910949707e-01,1.434326171875000000e-01,4.398171305656433105e-01,8.539233803749084473e-01,2.383336573839187622e-01
8.699999999999999956e-01,-9.654248505830764771e-02,-5.266095325350761414e-02,-3.167882263660430908e-01,1.114161014556884766e-01,4.292842447757720947e-01,8.518171906471252441e-01,2.787633240222930908e-01
8.750000000000000000e-01,-9.727353602647781372e-02,-5.345950648188591003e-02,-3.303097486495971680e-01,8.023450523614883423e-02,4.167945981025695801e-01,8.473603725433349609e-01,3.191005289554595947e-01
8.800000000000000044e-01,-9.800458699464797974e-02,-5.425805971026420593e-02,-3.440765440464019775e-01,5.000481009483337402e-02,4.024030864238739014e-01,8.405616283416748047e-01,3.592040240764617920e-01
8.850000000000000089e-01,-9.873563796281814575e-02,-5.505661293864250183e-02,-3.580885827541351318e-01,2.084042876958847046e-02,3.861713111400604248e-01,8.314381241798400879e-01,3.989335298538208008e-01
8.900000000000000133e-01,-9.946668893098831177e-02,-5.585516616702079773e-02,-3.723458647727966309e-01,-7.149115670472383499e-03,3.681680262088775635e-01,8.200157284736633301e-01,4.381499588489532471e-01
8.950000000000000178e-01,-1.001977398991584778e-01,-5.665371939539909363e-02,-3.868483901023864746e-01,-3.385863825678825378e-02,3.484682440757751465e-01,8.063282370567321777e-01,4.767161309719085693e-01
9.000000000000000222e-01,-1.009287908673286438e-01,-5.745227262377738953e-02,-4.015961587429046631e-01,-5.918767303228378296e-02,3.271532654762268066e-01,7.904180288314819336e-01,5.144969224929809570e-01
9.050000000000000266e-01,-1.016598418354988098e-01,-5.825082585215568542e-02,-4.165892004966735840e-01,-8.304081857204437256e-02,3.043102622032165527e-01,7.723352909088134766e-01,5.513599514961242676e-01
9.100000000000000311e-01,-1.023908928036689758e-01,-5.904937908053398132e-02,-4.318274557590484619e-01,-1.053281202912330627e-01,2.800321280956268311e-01,7.521382570266723633e-01,5.871763825416564941e-01
9.150000000000000355e-01,-1.031219437718391418e-01,-5.984793230891227722e-02,-4.473109841346740723e-01,-1.259653717279434204e-01,2.544170618057250977e-01,7.298930287361145020e-01,6.218207478523254395e-01
9.200000000000000400e-01,-1.038529947400093079e-01,-6.064648553729057312e-02,-4.630397558212280273e-01,-1.448744535446166992e-01,2.275680154561996460e-01,7.056726217269897461e-01,6.551720499992370605e-01
9.250000000000000444e-01,-1.045840457081794739e-01,-6.144503876566886902e-02,-4.790138006210327148e-01,-1.619835793972015381e-01,1.995925903320312500e-01,6.795578598976135254e-01,6.871137022972106934e-01
9.300000000000000488e-01,-1.053150966763496399e-01,-6.224359199404716492e-02,-4.952330887317657471e-01,-1.772276163101196289e-01,1.706025898456573486e-01,6.516363024711608887e-01,7.175341844558715820e-01
9.350000000000000533e-01,-1.060461476445198059e-01,-6.304214149713516235e-02,-5.116975903511047363e-01,-1.905483156442642212e-01,1.407135277986526489e-01,6.220017671585083008e-01,7.463276982307434082e-01
9.400000000000000577e-01,-1.067771986126899719e-01,-6.384069472551345825e-02,-5.284073352813720703e-01,-2.018944025039672852e-01,1.100442260503768921e-01,5.907545685768127441e-01,7.733938097953796387e-01
9.450000000000000622e-01,-1.075082495808601379e-01,-6.463924795389175415e-02,-5.453624129295349121e-01,-2.112220227718353271e-01,7.871643453836441040e-02,5.580010414123535156e-01,7.986387014389038086e-01
9.500000000000000666e-01,-1.082393005490303040e-01,-6.543780118227005005e-02,-5.625626444816589355e-01,-2.184947133064270020e-01,4.685436189174652100e-02,5.238526463508605957e-01,8.219751715660095215e-01
9.550000000000000711e-01,-1.089703515172004700e-01,-6.623635441064834595e-02,-5.800082087516784668e-01,-2.236835211515426636e-01,1.458421908318996429e-02,4.884263575077056885e-01,8.433224558830261230e-01
9.599999999999999645e-01,-1.097014024853706360e-01,-6.703490763902664185e-02,-5.976989269256591797e-01,-2.267671227455139160e-01,-1.796627230942249298e-02,4.518435001373291016e-01,8.626073002815246582e-01
9.649999999999999689e-01,-1.104324534535408020e-01,-6.783346086740493774e-02,-6.156349778175354004e-01,-2.277321964502334595e-01,-5.066828057169914246e-02,4.142298698425292969e-01,8.797638416290283203e-01
9.699999999999999734e-01,-1.111635044217109680e-01,-6.863201409578323364e-02,-6.338162422180175781e-01,-2.265730053186416626e-01,-8.339240401983261108e-02,3.757147490978240967e-01,8.947340250015258789e-01
9.749999999999999778e-01,-1.118945553898811340e-01,-6.943056732416152954e-02,-6.522427797317504883e-01,-2.232917249202728271e-01,-1.160090565681457520e-01,3.364309370517730713e-01,9.074673652648925781e-01
9.799999999999999822e-01,-1.126256063580513000e-01,-7.022912055253982544e-02,-6.709145307540893555e-01,-2.178984284400939941e-01,-1.483890265226364136e-01,2.965140938758850098e-01,9.179217815399169922e-01
9.849999999999999867e-01,-1.133566573262214661e-01,-7.102767378091812134e-02,-6.898315548896789551e-01,-2.104108780622482300e-01,-1.804039627313613892e-01,2.561019659042358398e-01,9.260634183883666992e-01
9.899999999999999911e-01,-1.140877082943916321e-01,-7.182622700929641724e-02,-7.089938521385192871e-01,-2.008547037839889526e-01,-2.119267433881759644e-01,2.153343856334686279e-01,9.318667650222778320e-01
9.949999999999999956e-01,-1.148187592625617981e-01,-7.262478023767471313e-02,-7.284013628959655762e-01,-1.892630904912948608e-01,-2.428320646286010742e-01,1.743523478507995605e-01,9.353146553039550781e-01
1.000000000000000000e+00,-1.155498102307319641e-01,-7.342333346605300903e-02,-7.480541467666625977e-01,-1.756766885519027710e-01,-2.729966938495635986e-01,1.332976073026657104e-01,9.363985657691955566e-01
1.005000000000000115e+00,-1.162808611989021301e-01,-7.422188669443130493e-02,-7.679520845413208008e-01,-1.601437926292419434e-01,-3.023002445697784424e-01,9.231238067150115967e-02,9.351187348365783691e-01
1.010000000000000009e+00,-1.170119121670722961e-01,-7.502043992280960083e-02,-7.880954146385192871e-01,-1.427196413278579712e-01,-3.306253254413604736e-01,5.153848230838775635e-02,9.314836859703063965e-01
1.015000000000000124e+00,-1.177429631352424622e-01,-7.581899315118789673e-02,-8.084838986396789551e-01,-1.234666854143142700e-01,-3.578580915927886963e-01,1.111699733883142471e-02,9.255106449127197266e-01
1.020000000000000018e+00,-1.184740141034126282e-01,-7.661754637956619263e-02,-8.291177153587341309e-01,-1.024540066719055176e-01,-3.838886618614196777e-01,-2.881222590804100037e-02,9.172254204750061035e-01
1.024999999999999911e+00,-1.192050650715827942e-01,-7.741609960794448853e-02,-8.499967455863952637e-01,-7.975732535123825073e-02,-4.086116254329681396e-01,-6.811113655567169189e-02,9.066621661186218262e-01
1.030000000000000027e+00,-1.199361160397529602e-01,-7.821465283632278442e-02,-8.711211085319519043e-01,-5.545862019062042236e-02,-4.319261908531188965e-01,-1.066439896821975708e-01,8.938631415367126465e-01
1.034999999999999920e+00,-1.206671670079231262e-01,-7.901320606470108032e-02,-8.924906253814697266e-01,-2.964580431580543518e-02,-4.537367224693298340e-01,-1.442778110504150391e-01,8.788788914680480957e-01
1.040000000000000036e+00,-1.213982179760932922e-01,-7.981175929307937622e-02,-9.141055345535278320e-01,-2.412472153082489967e-03,-4.739531576633453369e-01,-1.808829158544540405e-01,8.617680072784423828e-01
1.044999999999999929e+00,-1.221292689442634583e-01,-8.061031252145767212e-02,-9.359655976295471191e-01,2.614249289035797119e-02,-4.924909174442291260e-01,-2.163333743810653687e-01,8.425967693328857422e-01
1.050000000000000044e+00,-1.228603199124336243e-01,-8.140886574983596802e-02,-9.580709934234619141e-01,5.591524392366409302e-02,-5.092720389366149902e-01,-2.505074739456176758e-01,8.214387297630310059e-01
1.054999999999999938e+00,-1.235913708806037903e-01,-8.220741897821426392e-02,-9.804216027259826660e-01,8.679737150669097900e-02,-5.242245793342590332e-01,-2.832882106304168701e-01,7.983749508857727051e-01
1.060000000000000053e+00,-1.243224218487739563e-01,-8.300597220659255981e-02,-1.003017425537109375e+00,1.186762899160385132e-01,-5.372835397720336914e-01,-3.145634531974792480e-01,7.734935283660888672e-01
1.064999999999999947e+00,-1.250534802675247192e-01,-8.380452543497085571e-02,-1.025858640670776367e+00,1.514356434345245361e-01,-5.483906269073486328e-01,-3.442268371582031250e-01,7.468888163566589355e-01
1.070000000000000062e+00,-1.257845312356948853e-01,-8.460307866334915161e-02,-1.048945069313049316e+00,1.849557757377624512e-01,-5.574947595596313477e-01,-3.721778988838195801e-01,7.186616659164428711e-01
1.074999999999999956e+00,-1.265155822038650513e-01,-8.540163189172744751e-02,-1.072276711463928223e+00,2.191140353679656982e-01,-5.645521879196166992e-01,-3.983222246170043945e-01,6.889190077781677246e-01
1.080000000000000071e+00,-1.272466331720352173e-01,-8.620018512010574341e-02,-1.095853567123413086e+00,2.537853717803955078e-01,-5.695267915725708008e-01,-4.225721061229705811e-01,6.577727794647216797e-01
1.084999999999999964e+00,-1.279776841402053833e-01,-8.699873834848403931e-02,-1.119675755500793457e+00,2.888427674770355225e-01,-5.723898410797119141e-01,-4.448470771312713623e-01,6.253406405448913574e-01
1.090000000000000080e+00,-1.287087351083755493e-01,-8.779729157686233521e-02,-1.143743276596069336e+00,3.241576254367828369e-01,-5.731205344200134277e-01,-4.650733470916748047e-01,5.917445421218872070e-01
1.094999999999999973e+00,-1.294397860765457153e-01,-8.859584480524063110e-02,-1.168056011199951172e+00,3.596003055572509766e-01,-5.717057585716247559e-01,-4.831849336624145508e-01,5.571107864379882812e-01
1.100000000000000089e+00,-1.301708370447158813e-01,-8.939439803361892700e-02,-1.192613959312438965e+00,3.950405716896057129e-01,-5.681404471397399902e-01,-4.991238117218017578e-01,5.215694904327392578e-01
1.104999999999999982e+00,-1.309018880128860474e-01,-9.019295126199722290e-02,-1.217417120933532715e+00,4.303480982780456543e-01,-5.624273419380187988e-01,-5.128398537635803223e-01,4.852540194988250732e-01
1.110000000000000098e+00,-1.316329389810562134e-01,-9.099150449037551880e-02,-1.242465615272521973e+00,4.653928875923156738e-01,-5.545768737792968750e-01,-5.242905020713806152e-01,4.483005404472351074e-01
1.114999999999999991e+00,-1.323639899492263794e-01,-9.179005771875381470e-02,-1.267759442329406738e+00,5.000457763671875000e-01,-5.446077585220336914e-01,-5.334424376487731934e-01,4.108477234840393066e-01
1.120000000000000107e+00,-1.330950409173965454e-01,-9.258861094713211060e-02,-1.293298482894897461e+00,5.341790318489074707e-01,-5.325461030006408691e-01,-5.402700901031494141e-01,3.730359375476837158e-01
1.125000000000000000e+00,-1.338260918855667114e-01,-9.338716417551040649e-02,-1.319082736968994141e+00,5.676666498184204102e-01,-5.184258818626403809e-01,-5.447567105293273926e-01,3.350066840648651123e-01
1.130000000000000115e+00,-1.345571428537368774e-01,-9.418571740388870239e-02,-1.345112323760986328e+00,6.003848910331726074e-01,-5.022885799407958984e-01,-5.468940734863281250e-01,2.969022989273071289e-01
1.135000000000000009e+00,-1.352881938219070435e-01,-9.498427063226699829e-02,-1.371387004852294922e+00,6.322128176689147949e-01,-4.841834008693695068e-01,-5.466827750205993652e-01,2.588657438755035400e-01
1.140000000000000124e+00,-1.360192447900772095e-01,-9.578282386064529419e-02,-1.397907137870788574e+00,6.630323529243469238e-01,-4.641663432121276855e-01,-5.441319346427917480e-01,2.210391163825988770e-01
1.145000000000000018e+00,-1.367502957582473755e-01,-9.658137708902359009e-02,-1.424672484397888184e+00,6.927291750907897949e-01,-4.423007667064666748e-01,-5.392593741416931152e-01,1.835641413927078247e-01
1.150000000000000133e+00,-1.374813467264175415e-01,-9.737993031740188599e-02,-1.451683163642883301e+00,7.211932539939880371e-01,-4.186567664146423340e-01,-5.320911407470703125e-01,1.465811282396316528e-01
1.155000000000000027e+00,-1.382123976945877075e-01,-9.817848354578018188e-02,-1.478938937187194824e+00,7.483184933662414551e-01,-3.933109939098358154e-01,-5.226621627807617188e-01,1.102284863591194153e-01
1.159999999999999920e+00,-1.389434486627578735e-01,-9.897703677415847778e-02,-1.506440043449401855e+00,7.740039825439453125e-01,-3.663464188575744629e-01,-5.110154151916503906e-01,7.464234530925750732e-02
1.165000000000000036e+00,-1.396744996309280396e-01,-9.977559000253677368e-02,-1.534186363220214844e+00,7.981538772583007812e-01,-3.378520309925079346e-01,-4.972020983695983887e-01,3.995599225163459778e-02
1.169999999999999929e+00,-1.404055505990982056e-01,-1.005741432309150696e-01,-1.562178015708923340e+00,8.206779360771179199e-01,-3.079224824905395508e-01,-4.812816083431243896e-01,6.299362983554601669e-03
1.175000000000000044e+00,-1.411366015672683716e-01,-1.013726964592933655e-01,-1.590414881706237793e+00,8.414914608001708984e-01,-2.766577303409576416e-01,-4.633208215236663818e-01,-2.620141953229904175e-02
1.179999999999999938e+00,-1.418676525354385376e-01,-1.021712496876716614e-01,-1.618897080421447754e+00,8.605164289474487305e-01,-2.441625893115997314e-01,-4.433944523334503174e-01,-5.742449685931205750e-02
1.185000000000000053e+00,-1.425987035036087036e-01,-1.029698029160499573e-01,-1.647624492645263672e+00,8.776810169219970703e-01,-2.105466276407241821e-01,-4.215842187404632568e-01,-8.725274354219436646e-02
1.189999999999999947e+00,-1.433297544717788696e-01,-1.037683561444282532e-01,-1.676597118377685547e+00,8.929201364517211914e-01,-1.759234517812728882e-01,-3.979789018630981445e-01,-1.155741959810256958e-01
1.195000000000000062e+00,-1.440608054399490356e-01,-1.045669093728065491e-01,-1.705814957618713379e+00,9.061758518218994141e-01,-1.404104977846145630e-01,-3.726741075515747070e-01,-1.422825157642364502e-01
1.199999999999999956e+00,-1.447918564081192017e-01,-1.053654626011848450e-01,-1.735278248786926270e+00,9.173973202705383301e-01,-1.041284725069999695e-01,-3.457713127136230469e-01,-1.672771871089935303e-01
1.205000000000000071e+00,-1.455229073762893677e-01,-1.061640158295631409e-01,-1.764986753463745117e+00,9.265410900115966797e-01,-6.720104813575744629e-02,-3.173784017562866211e-01,-1.904642581939697266e-01
1.209999999999999964e+00,-1.462539583444595337e-01,-1.069625690579414368e-01,-1.794940471649169922e+00,9.335712790489196777e-01,-2.975425869226455688e-02,-2.876084744930267334e-01,-2.117562741041183472e-01
1.215000000000000080e+00,-1.469850093126296997e-01,-1.077611222863197327e-01,-1.825139403343200684e+00,9.384597539901733398e-01,8.083832450211048126e-03,-2.565798461437225342e-01,-2.310728877782821655e-01
1.219999999999999973e+00,-1.477160602807998657e-01,-1.085596755146980286e-01,-1.855583548545837402e+00,9.411863088607788086e-01,4.618371650576591492e-02,-2.244155406951904297e-01,-2.483410686254501343e-01
1.225000000000000089e+00,-1.484471112489700317e-01,-1.093582287430763245e-01,-1.886273145675659180e+00,9.417381882667541504e-01,8.441480994224548340e-02,-1.912426054477691650e-01,-2.634952664375305176e-01
1.229999999999999982e+00,-1.491781622171401978e-01,-1.101567819714546204e-01,-1.917207956314086914e+00,9.401109814643859863e-01,1.226460039615631104e-01,-1.571921408176422119e-01,-2.764779329299926758e-01
1.235000000000000098e+00,-1.499092131853103638e-01,-1.109553351998329163e-01,-1.948387980461120605e+00,9.363080859184265137e-01,1.607461422681808472e-01,-1.223983690142631531e-01,-2.872394919395446777e-01
1.239999999999999991e+00,-1.506402641534805298e-01,-1.117538884282112122e-01,-1.979813218116760254e+00,9.303410053253173828e-01,1.985844820737838745e-01,-8.699835091829299927e-02,-2.957385778427124023e-01
1.245000000000000107e+00,-1.513713151216506958e-01,-1.125524416565895081e-01,-2.011483907699584961e+00,9.222287535667419434e-01,2.360311597585678101e-01,-5.113136768341064453e-02,-3.019422292709350586e-01
1.250000000000000000e+00,-1.521023660898208618e-01,-1.133509948849678040e-01,-2.043399572372436523e+00,9.119986295700073242e-01,2.729577422142028809e-01,-1.493853144347667694e-02,-3.058259785175323486e-01
1.255000000000000115e+00,-1.528334170579910278e-01,-1.141495481133460999e-01,-2.075560569763183594e+00,8.996853232383728027e-01,3.092375695705413818e-01,2.143783122301101685e-02,-3.073740303516387939e-01
1.260000000000000009e+00,-1.535644680261611938e-01,-1.149481013417243958e-01,-2.107966661453247070e+00,8.853315114974975586e-01,3.447464108467102051e-01,5.785464867949485779e-02,-3.065793216228485107e-01
1.265000000000000124e+00,-1.542955189943313599e-01,-1.157466545701026917e-01,-2.140618324279785156e+00,8.689870238304138184e-01,3.793625533580780029e-01,9.416864812374114990e-02,-3.034433126449584961e-01
1.270000000000000018e+00,-1.550265699625015259e-01,-1.165452077984809875e-01,-2.173515319824218750e+00,8.507091403007507324e-01,4.129679799079895020e-01,1.302369236946105957e-01,-2.979763150215148926e-01
1.275000000000000133e+00,-1.557576209306716919e-01,-1.173437610268592834e-01,-2.206657648086547852e+00,8.305620551109313965e-01,4.454478621482849121e-01,1.659173816442489624e-01,-2.901971340179443359e-01
1.280000000000000027e+00,-1.564886718988418579e-01,-1.181423142552375793e-01,-2.240045070648193359e+00,8.086170554161071777e-01,4.766918122768402100e-01,2.010693103075027466e-01,-2.801333665847778320e-01
1.284999999999999920e+00,-1.572197228670120239e-01,-1.189408674836158752e-01,-2.273677825927734375e+00,7.849518060684204102e-01,5.065935254096984863e-01,2.355539351701736450e-01,-2.678209543228149414e-01
1.290000000000000036e+00,-1.579507738351821899e-01,-1.197394207119941711e-01,-2.307555675506591797e+00,7.596504092216491699e-01,5.350521802902221680e-01,2.692349255084991455e-01,-2.533044815063476562e-01
1.294999999999999929e+00,-1.586818248033523560e-01,-1.205379739403724670e-01,-2.341678857803344727e+00,7.328028678894042969e-01,5.619716644287109375e-01,3.019788265228271484e-01,-2.366364747285842896e-01
1.300000000000000044e+00,-1.594128757715225220e-01,-1.213365271687507629e-01,-2.376047134399414062e+00,7.045048475265502930e-01,5.872617959976196289e-01,3.336554765701293945e-01,-2.178775072097778320e-01
1.304999999999999938e+00,-1.601439267396926880e-01,-1.221350803971290588e-01,-2.410660743713378906e+00,6.748575568199157715e-01,6.108382940292358398e-01,3.641389608383178711e-01,-1.970961540937423706e-01
1.310000000000000053e+00,-1.608749777078628540e-01,-1.229336336255073547e-01,-2.445519685745239258e+00,6.439666748046875000e-01,6.326230764389038086e-01,3.933073878288269043e-01,-1.743683367967605591e-01
1.314999999999999947e+00,-1.616060286760330200e-01,-1.237321868538856506e-01,-2.480623722076416016e+00,6.119430065155029297e-01,6.525447964668273926e-01,4.210437238216400146e-01,-1.497773528099060059e-01
1.320000000000000062e+00,-1.623370796442031860e-01,-1.245307400822639465e-01,-2.515973091125488281e+00,5.789011716842651367e-01,6.705387234687805176e-01,4.472364485263824463e-01,-1.234134286642074585e-01
1.324999999999999956e+00,-1.630681306123733521e-01,-1.253292858600616455e-01,-2.551568031311035156e+00,5.449594855308532715e-01,6.865472793579101562e-01,4.717794656753540039e-01,-9.537352621555328369e-02
1.330000000000000071e+00,-1.637991815805435181e-01,-1.261278390884399414e-01,-2.587408065795898438e+00,5.102398395538330078e-01,7.005202174186706543e-01,4.945728480815887451e-01,-6.576081365346908569e-02
1.334999999999999964e+00,-1.645302325487136841e-01,-1.269263923168182373e-01,-2.623493432998657227e+00,4.748665988445281982e-01,7.124147415161132812e-01,5.155230164527893066e-01,-3.468439728021621704e-02
1.340000000000000080e+00,-1.652612835168838501e-01,-1.277249455451965332e-01,-2.659823894500732422e+00,4.389668107032775879e-01,7.221956253051757812e-01,5.345432758331298828e-01,-2.258872147649526596e-03
1.344999999999999973e+00,-1.659923344850540161e-01,-1.285234987735748291e-01,-2.696399688720703125e+00,4.026694297790527344e-01,7.298355698585510254e-01,5.515539050102233887e-01,3.139605000615119934e-02
1.350000000000000089e+00,-1.667233854532241821e-01,-1.293220520019531250e-01,-2.733220815658569336e+00,3.661045432090759277e-01,7.353149652481079102e-01,5.664828419685363770e-01,6.615602225065231323e-02
1.354999999999999982e+00,-1.674544364213943481e-01,-1.301206052303314209e-01,-2.770287036895751953e+00,3.294036686420440674e-01,7.386222481727600098e-01,5.792654156684875488e-01,1.018925309181213379e-01
1.360000000000000098e+00,-1.681854873895645142e-01,-1.309191584587097168e-01,-2.807598590850830078e+00,2.926984131336212158e-01,7.397537231445312500e-01,5.898451209068298340e-01,1.384732574224472046e-01
1.364999999999999991e+00,-1.689165383577346802e-01,-1.317177116870880127e-01,-2.845155239105224609e+00,2.561205923557281494e-01,7.387139201164245605e-01,5.981733798980712891e-01,1.757626980543136597e-01
1.370000000000000107e+00,-1.696475893259048462e-01,-1.325162649154663086e-01,-2.882957220077514648e+00,2.198016047477722168e-01,7.355151772499084473e-01,6.042102575302124023e-01,2.136226743459701538e-01
1.375000000000000000e+00,-1.703786402940750122e-01,-1.333148181438446045e-01,-2.921004533767700195e+00,1.838715672492980957e-01,7.301780581474304199e-01,6.079238057136535645e-01,2.519127428531646729e-01
1.380000000000000115e+00,-1.711096912622451782e-01,-1.341133713722229004e-01,-2.959297180175781250e+00,1.484594047069549561e-01,7.227305769920349121e-01,6.092907786369323730e-01,2.904907763004302979e-01
1.385000000000000009e+00,-1.718407422304153442e-01,-1.349119246006011963e-01,-2.997835159301757812e+00,1.136919483542442322e-01,7.132090926170349121e-01,6.082971692085266113e-01,3.292134404182434082e-01
1.390000000000000124e+00,-1.725717931985855103e-01,-1.357104778289794922e-01,-3.036618471145629883e+00,7.969370484352111816e-02,7.016570568084716797e-01,6.049371361732482910e-01,3.679367303848266602e-01
1.395000000000000018e+00,-1.733028441667556763e-01,-1.365090310573577881e-01,-3.075646877288818359e+00,4.658627137541770935e-02,6.881257295608520508e-01,5.992137193679809570e-01,4.065165519714355469e-01
1.400000000000000133e+00,-1.740338951349258423e-01,-1.373075842857360840e-01,-3.114920616149902344e+00,1.448796689510345459e-02,6.726735234260559082e-01,5.911387205123901367e-01,4.448093771934509277e-01
1.405000000000000027e+00,-1.747649461030960083e-01,-1.381061375141143799e-01,-3.154439449310302734e+00,-1.648667640984058380e-02,6.553661823272705078e-01,5.807330012321472168e-01,4.826722741127014160e-01
1.409999999999999920e+00,-1.754959970712661743e-01,-1.389046907424926758e-01,-3.194203615188598633e+00,-4.622732102870941162e-02,6.362760066986083984e-01,5.680256485939025879e-01,5.199642777442932129e-01
1.415000000000000036e+00,-1.762270480394363403e-01,-1.397032439708709717e-01,-3.234212875366210938e+00,-7.462821900844573975e-02,6.154820919036865234e-01,5.530543327331542969e-01,5.565459132194519043e-01
1.419999999999999929e+00,-1.769580990076065063e-01,-1.405017971992492676e-01,-3.274467468261718750e+00,-1.015886068344116211e-01,5.930697917938232422e-01,5.358653664588928223e-01,5.922805666923522949e-01
1.425000000000000044e+00,-1.776891499757766724e-01,-1.413003504276275635e-01,-3.314967393875122070e+00,-1.270130574703216553e-01,5.691304802894592285e-01,5.165130496025085449e-01,6.270346641540527344e-01
1.429999999999999938e+00,-1.784202009439468384e-01,-1.420989036560058594e-01,-3.355712413787841797e+00,-1.508119255304336548e-01,5.437609553337097168e-01,4.950600266456604004e-01,6.606779098510742188e-01
1.435000000000000053e+00,-1.791512519121170044e-01,-1.428974568843841553e-01,-3.396702766418457031e+00,-1.729015558958053589e-01,5.170636177062988281e-01,4.715765714645385742e-01,6.930842399597167969e-01
1.439999999999999947e+00,-1.798823028802871704e-01,-1.436960101127624512e-01,-3.437938213348388672e+00,-1.932047009468078613e-01,4.891456663608551025e-01,4.461404085159301758e-01,7.241320610046386719e-01
1.445000000000000062e+00,-1.806133538484573364e-01,-1.444945633411407471e-01,-3.479418992996215820e+00,-2.116508334875106812e-01,4.601186513900756836e-01,4.188368022441864014e-01,7.537046074867248535e-01
1.449999999999999956e+00,-1.813444048166275024e-01,-1.452931165695190430e-01,-3.521144866943359375e+00,-2.281762063503265381e-01,4.300984442234039307e-01,3.897578716278076172e-01,7.816904187202453613e-01
1.455000000000000071e+00,-1.820754557847976685e-01,-1.460916697978973389e-01,-3.563116073608398438e+00,-2.427243143320083618e-01,3.992045223712921143e-01,3.590022325515747070e-01,8.079839944839477539e-01
1.459999999999999964e+00,-1.828065067529678345e-01,-1.468902230262756348e-01,-3.605332612991333008e+00,-2.552460730075836182e-01,3.675596415996551514e-01,3.266749978065490723e-01,8.324859738349914551e-01
1.465000000000000080e+00,-1.835375577211380005e-01,-1.476887762546539307e-01,-3.647794246673583984e+00,-2.656997740268707275e-01,3.352892696857452393e-01,2.928869724273681641e-01,8.551035523414611816e-01
1.469999999999999973e+00,-1.842686086893081665e-01,-1.484873294830322266e-01,-3.690501213073730469e+00,-2.740515470504760742e-01,3.025211393833160400e-01,2.577545344829559326e-01,8.757506608963012695e-01
1.475000000000000089e+00,-1.849996596574783325e-01,-1.492858827114105225e-01,-3.733453273773193359e+00,-2.802754938602447510e-01,2.693850100040435791e-01,2.213991284370422363e-01,8.943488001823425293e-01
1.479999999999999982e+00,-1.857307106256484985e-01,-1.500844359397888184e-01,-3.776650667190551758e+00,-2.843534648418426514e-01,2.360119819641113281e-01,1.839467138051986694e-01,9.108265638351440430e-01
1.485000000000000098e+00,-1.864617615938186646e-01,-1.508829891681671143e-01,-3.820093154907226562e+00,-2.862754166126251221e-01,2.025338858366012573e-01,1.455274522304534912e-01,9.251207113265991211e-01
1.489999999999999991e+00,-1.871928125619888306e-01,-1.516815423965454102e-01,-3.863781213760375977e+00,-2.860393226146697998e-01,1.690829992294311523e-01,1.062750667333602905e-01,9.371756315231323242e-01
1.495000000000000107e+00,-1.879238635301589966e-01,-1.524800956249237061e-01,-3.907714605331420898e+00,-2.836511433124542236e-01,1.357915103435516357e-01,6.632652133703231812e-02,9.469442963600158691e-01
1.500000000000000000e+00,-1.886549144983291626e-01,-1.532786488533020020e-01,-3.951893329620361328e+00,-2.791251838207244873e-01,1.027910709381103516e-01,2.582140080630779266e-02,9.543880224227905273e-01
1.505000000000000115e+00,-1.893859654664993286e-01,-1.540772020816802979e-01,-3.996317148208618164e+00,-2.724833786487579346e-01,7.021212577819824219e-02,-1.509859692305326462e-02,9.594764709472656250e-01
1.510000000000000009e+00,-1.901170164346694946e-01,-1.548757553100585938e-01,-4.040986061096191406e+00,-2.637558877468109131e-01,3.818371146917343140e-02,-5.629014596343040466e-02,9.621883034706115723e-01
1.515000000000000124e+00,-1.908480674028396606e-01,-1.556743085384368896e-01,-4.085899829864501953e+00,-2.529803216457366943e-01,6.832677405327558517e-03,-9.760885685682296753e-02,9.625106453895568848e-01
1.520000000000000018e+00,-1.915791183710098267e-01,-1.564728617668151855e-01,-4.131059169769287109e+00,-2.402024716138839722e-01,-2.371660247445106506e-02,-1.389098316431045532e-01,9.604396224021911621e-01
1.525000000000000133e+00,-1.923101693391799927e-01,-1.572714149951934814e-01,-4.176463603973388672e+00,-2.254752665758132935e-01,-5.334274098277091980e-02,-1.800480484962463379e-01,9.559802412986755371e-01
1.530000000000000027e+00,-1.930412203073501587e-01,-1.580699682235717773e-01,-4.222113132476806641e+00,-2.088590413331985474e-01,-8.192775398492813110e-02,-2.208791375160217285e-01,9.491460919380187988e-01
1.535000000000000142e+00,-1.937722712755203247e-01,-1.588685214519500732e-01,-4.268008232116699219e+00,-1.904211640357971191e-01,-1.093575954437255859e-01,-2.612598240375518799e-01,9.399595856666564941e-01
1.540000000000000036e+00,-1.945033222436904907e-01,-1.596670746803283691e-01,-4.314147949218750000e+00,-1.702359765768051147e-01,-1.355224400758743286e-01,-3.010483384132385254e-01,9.284521341323852539e-01
1.544999999999999929e+00,-1.952343732118606567e-01,-1.604656279087066650e-01,-4.360533714294433594e+00,-1.483843028545379639e-01,-1.603173017501831055e-01,-3.401051461696624756e-01,9.146633744239807129e-01
1.550000000000000044e+00,-1.959654241800308228e-01,-1.612641811370849609e-01,-4.407164096832275391e+00,-1.249532550573348999e-01,-1.836422085762023926e-01,-3.782932162284851074e-01,8.986415266990661621e-01
1.554999999999999938e+00,-1.966964751482009888e-01,-1.620627343654632568e-01,-4.454040050506591797e+00,-1.000359356403350830e-01,-2.054027169942855835e-01,-4.154787957668304443e-01,8.804430961608886719e-01
1.560000000000000053e+00,-1.974275261163711548e-01,-1.628612875938415527e-01,-4.501161098480224609e+00,-7.373099774122238159e-02,-2.255101650953292847e-01,-4.515317678451538086e-01,8.601325154304504395e-01
1.564999999999999947e+00,-1.981585770845413208e-01,-1.636598408222198486e-01,-4.548527240753173828e+00,-4.614238813519477844e-02,-2.438821643590927124e-01,-4.863261878490447998e-01,8.377823829650878906e-01
1.570000000000000062e+00,-1.988896280527114868e-01,-1.644583940505981445e-01,-4.596138954162597656e+00,-1.737890578806400299e-02,-2.604427039623260498e-01,-5.197407007217407227e-01,8.134722709655761719e-01
1.574999999999999956e+00,-1.996206790208816528e-01,-1.652569472789764404e-01,-4.643995285034179688e+00,1.244620606303215027e-02,-2.751225531101226807e-01,-5.516591072082519531e-01,7.872896194458007812e-01
1.580000000000000071e+00,-2.003517299890518188e-01,-1.660555005073547363e-01,-4.692097663879394531e+00,4.321566224098205566e-02,-2.878595888614654541e-01,-5.819705724716186523e-01,7.593284249305725098e-01
1.584999999999999964e+00,-2.010827809572219849e-01,-1.668540537357330322e-01,-4.740444660186767578e+00,7.480858266353607178e-02,-2.985988557338714600e-01,-6.105701327323913574e-01,7.296893596649169922e-01
1.590000000000000080e+00,-2.018138319253921509e-01,-1.676526069641113281e-01,-4.789037227630615234e+00,1.071009188890457153e-01,-3.072929680347442627e-01,-6.373594999313354492e-01,6.984792947769165039e-01
1.594999999999999973e+00,-2.025448828935623169e-01,-1.684511601924896240e-01,-4.837874889373779297e+00,1.399659216403961182e-01,-3.139020800590515137e-01,-6.622465848922729492e-01,6.658112406730651855e-01
1.600000000000000089e+00,-2.032759338617324829e-01,-1.692497134208679199e-01,-4.886957645416259766e+00,1.732746511697769165e-01,-3.183942437171936035e-01,-6.851464509963989258e-01,6.318032145500183105e-01
1.604999999999999982e+00,-2.040069848299026489e-01,-1.700482666492462158e-01,-4.936285972595214844e+00,2.068964540958404541e-01,-3.207454383373260498e-01,-7.059819102287292480e-01,5.965784788131713867e-01
1.610000000000000098e+00,-2.047380357980728149e-01,-1.708468198776245117e-01,-4.985858917236328125e+00,2.406993210315704346e-01,-3.209395110607147217e-01,-7.246830463409423828e-01,5.602644681930541992e-01
1.614999999999999991e+00,-2.054690867662429810e-01,-1.716453731060028076e-01,-5.035678386688232422e+00,2.745505273342132568e-01,-3.189685344696044922e-01,-7.411878705024719238e-01,5.229930281639099121e-01
1.620000000000000107e+00,-2.062001377344131470e-01,-1.724439263343811035e-01,-5.085742473602294922e+00,3.083171844482421875e-01,-3.148328661918640137e-01,-7.554425597190856934e-01,4.848992526531219482e-01
1.625000000000000000e+00,-2.069311887025833130e-01,-1.732424795627593994e-01,-5.136052608489990234e+00,3.418664634227752686e-01,-3.085406720638275146e-01,-7.674017548561096191e-01,4.461216032505035400e-01
1.630000000000000115e+00,-2.076622396707534790e-01,-1.740410327911376953e-01,-5.186607360839843750e+00,3.750663995742797852e-01,-3.001082837581634521e-01,-7.770284414291381836e-01,4.068009853363037109e-01
1.635000000000000009e+00,-2.083932906389236450e-01,-1.748395860195159912e-01,-5.237407684326171875e+00,4.077861905097961426e-01,-2.895601987838745117e-01,-7.842943668365478516e-01,3.670801818370819092e-01
1.640000000000000124e+00,-2.091243416070938110e-01,-1.756381392478942871e-01,-5.288453102111816406e+00,4.398965239524841309e-01,-2.769287824630737305e-01,-7.891798019409179688e-01,3.271034359931945801e-01
1.645000000000000018e+00,-2.098553925752639771e-01,-1.764366924762725830e-01,-5.339743614196777344e+00,4.712707400321960449e-01,-2.622542679309844971e-01,-7.916743755340576172e-01,2.870162725448608398e-01
1.650000000000000133e+00,-2.105864435434341431e-01,-1.772352457046508789e-01,-5.391279697418212891e+00,5.017844438552856445e-01,-2.455844581127166748e-01,-7.917760610580444336e-01,2.469642609357833862e-01
1.655000000000000027e+00,-2.113174945116043091e-01,-1.780337989330291748e-01,-5.443060398101806641e+00,5.313165783882141113e-01,-2.269748896360397339e-01,-7.894920706748962402e-01,2.070930004119873047e-01
1.660000000000000142e+00,-2.120485454797744751e-01,-1.788323521614074707e-01,-5.495087146759033203e+00,5.597494840621948242e-01,-2.064882069826126099e-01,-7.848382592201232910e-01,1.675473451614379883e-01
1.665000000000000036e+00,-2.127795964479446411e-01,-1.796309053897857666e-01,-5.547358512878417969e+00,5.869696140289306641e-01,-1.841941922903060913e-01,-7.778394818305969238e-01,1.284710317850112915e-01
1.669999999999999929e+00,-2.135106474161148071e-01,-1.804294586181640625e-01,-5.599875450134277344e+00,6.128681302070617676e-01,-1.601695716381072998e-01,-7.685293555259704590e-01,9.000594168901443481e-02
1.675000000000000044e+00,-2.142416983842849731e-01,-1.812280118465423584e-01,-5.652637481689453125e+00,6.373407244682312012e-01,-1.344974935054779053e-01,-7.569497227668762207e-01,5.229168012738227844e-02
1.679999999999999938e+00,-2.149727493524551392e-01,-1.820265650749206543e-01,-5.705644607543945312e+00,6.602882742881774902e-01,-1.072673499584197998e-01,-7.431514859199523926e-01,1.546507142484188080e-02
1.685000000000000053e+00,-2.157038003206253052e-01,-1.828251183032989502e-01,-5.758897304534912109e+00,6.816175580024719238e-01,-7.857443392276763916e-02,-7.271931767463684082e-01,-2.034040354192256927e-02
1.689999999999999947e+00,-2.164348512887954712e-01,-1.836236715316772461e-01,-5.812394618988037109e+00,7.012411952018737793e-01,-4.851960763335227966e-02,-7.091419696807861328e-01,-5.499508604407310486e-02
1.695000000000000062e+00,-2.171659022569656372e-01,-1.844222247600555420e-01,-5.866137981414794922e+00,7.190780639648437500e-01,-1.720891334116458893e-02,-6.890723109245300293e-01,-8.837360888719558716e-02
1.699999999999999956e+00,-2.178969532251358032e-01,-1.852207779884338379e-01,-5.920125961303710938e+00,7.350538969039916992e-01,1.524681784212589264e-02,-6.670667529106140137e-01,-1.203554347157478333e-01
1.705000000000000071e+00,-2.186280041933059692e-01,-1.860193312168121338e-01,-5.974359512329101562e+00,7.491008639335632324e-01,4.873240739107131958e-02,-6.432145237922668457e-01,-1.508251279592514038e-01
1.709999999999999964e+00,-2.193590551614761353e-01,-1.868178844451904297e-01,-6.028838157653808594e+00,7.611587047576904297e-01,8.312871307134628296e-02,-6.176120042800903320e-01,-1.796730458736419678e-01
1.715000000000000080e+00,-2.200901061296463013e-01,-1.876164376735687256e-01,-6.083561897277832031e+00,7.711745500564575195e-01,1.183131188154220581e-01,-5.903621912002563477e-01,-2.067956179380416870e-01
1.719999999999999973e+00,-2.208211570978164673e-01,-1.884149909019470215e-01,-6.138531208038330078e+00,7.791026234626770020e-01,1.541599035263061523e-01,-5.615741014480590820e-01,-2.320956736803054810e-01
1.725000000000000089e+00,-2.215522080659866333e-01,-1.892135441303253174e-01,-6.193745136260986328e+00,7.849055528640747070e-01,1.905408799648284912e-01,-5.313624739646911621e-01,-2.554829120635986328e-01
1.729999999999999982e+00,-2.222832590341567993e-01,-1.900120973587036133e-01,-6.249205112457275391e+00,7.885533571243286133e-01,2.273256629705429077e-01,-4.998474121093750000e-01,-2.768740952014923096e-01
1.735000000000000098e+00,-2.230143100023269653e-01,-1.908106505870819092e-01,-6.304909706115722656e+00,7.900243401527404785e-01,2.643822431564331055e-01,-4.671539366245269775e-01,-2.961937487125396729e-01
1.739999999999999991e+00,-2.237453609704971313e-01,-1.916092038154602051e-01,-6.360859870910644531e+00,7.893049716949462891e-01,3.015775978565216064e-01,-4.334115982055664062e-01,-3.133738934993743896e-01
1.745000000000000107e+00,-2.244764119386672974e-01,-1.924077570438385010e-01,-6.417055130004882812e+00,7.863893508911132812e-01,3.387780487537384033e-01,-3.987536430358886719e-01,-3.283548057079315186e-01
1.750000000000000000e+00,-2.252074629068374634e-01,-1.932063102722167969e-01,-6.473495483398437500e+00,7.812803387641906738e-01,3.758497536182403564e-01,-3.633168637752532959e-01,-3.410847783088684082e-01
1.755000000000000115e+00,-2.259385138750076294e-01,-1.940048635005950928e-01,-6.530181407928466797e+00,7.739889025688171387e-01,4.126593768596649170e-01,-3.272409141063690186e-01,-3.515206873416900635e-01
1.760000000000000009e+00,-2.266695648431777954e-01,-1.948034167289733887e-01,-6.587111949920654297e+00,7.645339965820312500e-01,4.490741491317749023e-01,-2.906679511070251465e-01,-3.596280515193939209e-01
1.765000000000000124e+00,-2.274006158113479614e-01,-1.956019699573516846e-01,-6.644288539886474609e+00,7.529425621032714844e-01,4.849630296230316162e-01,-2.537419199943542480e-01,-3.653811514377593994e-01
1.770000000000000018e+00,-2.281316667795181274e-01,-1.964005231857299805e-01,-6.701709747314453125e+00,7.392498850822448730e-01,5.201966762542724609e-01,-2.166081368923187256e-01,-3.687629699707031250e-01
1.775000000000000133e+00,-2.288627177476882935e-01,-1.971990764141082764e-01,-6.759376525878906250e+00,7.234984040260314941e-01,5.546481013298034668e-01,-1.794126927852630615e-01,-3.697656691074371338e-01
1.780000000000000027e+00,-2.295937687158584595e-01,-1.979976296424865723e-01,-6.817288398742675781e+00,7.057390213012695312e-01,5.881931781768798828e-01,-1.423019021749496460e-01,-3.683902621269226074e-01
1.785000000000000142e+00,-2.303248196840286255e-01,-1.987961828708648682e-01,-6.875445365905761719e+00,6.860298514366149902e-01,6.207110881805419922e-01,-1.054218038916587830e-01,-3.646464943885803223e-01
1.790000000000000036e+00,-2.310558706521987915e-01,-1.995947360992431641e-01,-6.933847904205322266e+00,6.644361615180969238e-01,6.520847678184509277e-01,-6.891751289367675781e-02,-3.585533797740936279e-01
1.794999999999999929e+00,-2.317869216203689575e-01,-2.003932893276214600e-01,-6.992495059967041016e+00,6.410304307937622070e-01,6.822012066841125488e-01,-3.293282166123390198e-02,-3.501384854316711426e-01
1.800000000000000044e+00,-2.325179725885391235e-01,-2.011918425559997559e-01,-7.051388263702392578e+00,6.158918738365173340e-01,7.109523415565490723e-01,2.390461042523384094e-03,-3.394383490085601807e-01
1.804999999999999938e+00,-2.332490235567092896e-01,-2.019903957843780518e-01,-7.110526084899902344e+00,5.891062021255493164e-01,7.382346987724304199e-01,3.691299259662628174e-02,-3.264980912208557129e-01
1.810000000000000053e+00,-2.339800745248794556e-01,-2.027889490127563477e-01,-7.169909477233886719e+00,5.607653856277465820e-01,7.639504671096801758e-01,7.049842178821563721e-02,-3.113711774349212646e-01
1.814999999999999947e+00,-2.347111254930496216e-01,-2.035875022411346436e-01,-7.229537963867187500e+00,5.309669375419616699e-01,7.880076766014099121e-01,1.030139029026031494e-01,-2.941194176673889160e-01
1.820000000000000062e+00,-2.354421764612197876e-01,-2.043860554695129395e-01,-7.289411544799804688e+00,4.998143017292022705e-01,8.103203177452087402e-01,1.343306452035903931e-01,-2.748126685619354248e-01
1.824999999999999956e+00,-2.361732274293899536e-01,-2.051846086978912354e-01,-7.349530696868896484e+00,4.674156606197357178e-01,8.308089375495910645e-01,1.643242985010147095e-01,-2.535284757614135742e-01
1.830000000000000071e+00,-2.369042783975601196e-01,-2.059831619262695312e-01,-7.409894466400146484e+00,4.338840246200561523e-01,8.494007587432861328e-01,1.928755044937133789e-01,-2.303521335124969482e-01
1.834999999999999964e+00,-2.376353293657302856e-01,-2.067817151546478271e-01,-7.470504283905029297e+00,3.993366062641143799e-01,8.660301566123962402e-01,2.198703140020370483e-01,-2.053757309913635254e-01
1.840000000000000080e+00,-2.383663803339004517e-01,-2.075802683830261230e-01,-7.531358718872070312e+00,3.638944327831268311e-01,8.806386590003967285e-01,2.452006787061691284e-01,-1.786984950304031372e-01
1.844999999999999973e+00,-2.390974313020706177e-01,-2.083788216114044189e-01,-7.592458724975585938e+00,3.276819586753845215e-01,8.931753039360046387e-01,2.687646448612213135e-01,-1.504258811473846436e-01
1.850000000000000089e+00,-2.398284822702407837e-01,-2.091773748397827148e-01,-7.653803825378417969e+00,2.908266186714172363e-01,9.035970568656921387e-01,2.904671132564544678e-01,-1.206694990396499634e-01
1.854999999999999982e+00,-2.405595332384109497e-01,-2.099759280681610107e-01,-7.715394020080566406e+00,2.534579634666442871e-01,9.118685126304626465e-01,3.102197051048278809e-01,-8.954660594463348389e-02
1.860000000000000098e+00,-2.412905842065811157e-01,-2.107744812965393066e-01,-7.777229785919189453e+00,2.157078981399536133e-01,9.179623723030090332e-01,3.279417157173156738e-01,-5.717971175909042358e-02
1.864999999999999991e+00,-2.420216351747512817e-01,-2.115730345249176025e-01,-7.839310169219970703e+00,1.777095049619674683e-01,9.218592643737792969e-01,3.435598909854888916e-01,-2.369602583348751068e-02
1.870000000000000107e+00,-2.427526861429214478e-01,-2.123715877532958984e-01,-7.901636600494384766e+00,1.395969688892364502e-01,9.235481619834899902e-01,3.570089638233184814e-01,1.077294163405895233e-02
1.875000000000000000e+00,-2.434837371110916138e-01,-2.131701409816741943e-01,-7.964207649230957031e+00,1.015047952532768250e-01,9.230264425277709961e-01,3.682316243648529053e-01,4.609190672636032104e-02
1.880000000000000115e+00,-2.442147880792617798e-01,-2.139686942100524902e-01,-8.027024269104003906e+00,6.356752663850784302e-02,9.202993512153625488e-01,3.771792352199554443e-01,8.212228864431381226e-02
1.885000000000000009e+00,-2.449458390474319458e-01,-2.147672474384307861e-01,-8.090086936950683594e+00,2.591913193464279175e-02,9.153806567192077637e-01,3.838117718696594238e-01,1.187228187918663025e-01
1.890000000000000124e+00,-2.456768900156021118e-01,-2.155658006668090820e-01,-8.153394699096679688e+00,-1.130749192088842392e-02,9.082920551300048828e-01,3.880975544452667236e-01,1.557498723268508911e-01
1.895000000000000018e+00,-2.464079409837722778e-01,-2.163643538951873779e-01,-8.216947555541992188e+00,-4.798100516200065613e-02,8.990635275840759277e-01,3.900141716003417969e-01,1.930582672357559204e-01
1.900000000000000133e+00,-2.471389919519424438e-01,-2.171629071235656738e-01,-8.280745506286621094e+00,-8.397211879491806030e-02,8.877331614494323730e-01,3.895479440689086914e-01,2.305016666650772095e-01
1.905000000000000027e+00,-2.478700429201126099e-01,-2.179614603519439697e-01,-8.344788551330566406e+00,-1.191540807485580444e-01,8.743466138839721680e-01,3.866942226886749268e-01,2.679329812526702881e-01
1.910000000000000142e+00,-2.486010938882827759e-01,-2.187600135803222656e-01,-8.409077644348144531e+00,-1.534031629562377930e-01,8.589572906494140625e-01,3.814573884010314941e-01,3.052051961421966553e-01
1.915000000000000036e+00,-2.493321448564529419e-01,-2.195585668087005615e-01,-8.473610877990722656e+00,-1.865992248058319092e-01,8.416261672973632812e-01,3.738509118556976318e-01,3.421719074249267578e-01
1.919999999999999929e+00,-2.500632107257843018e-01,-2.203571200370788574e-01,-8.538390159606933594e+00,-2.186259180307388306e-01,8.224215507507324219e-01,3.638972043991088867e-01,3.786877393722534180e-01
1.925000000000000044e+00,-2.507942616939544678e-01,-2.211556732654571533e-01,-8.603414535522460938e+00,-2.493712753057479858e-01,8.014186024665832520e-01,3.516274094581604004e-01,4.146087169647216797e-01
1.929999999999999938e+00,-2.515253126621246338e-01,-2.219542264938354492e-01,-8.668684005737304688e+00,-2.787282168865203857e-01,7.786992788314819336e-01,3.370816409587860107e-01,4.497932791709899902e-01
1.935000000000000053e+00,-2.522563636302947998e-01,-2.227527797222137451e-01,-8.734198570251464844e+00,-3.065948784351348877e-01,7.543520927429199219e-01,3.203084468841552734e-01,4.841022789478302002e-01
1.939999999999999947e+00,-2.529874145984649658e-01,-2.235513329505920410e-01,-8.799958229064941406e+00,-3.328748643398284912e-01,7.284715175628662109e-01,3.013650476932525635e-01,5.174000263214111328e-01
1.945000000000000062e+00,-2.537184655666351318e-01,-2.243498861789703369e-01,-8.865963935852050781e+00,-3.574778735637664795e-01,7.011575698852539062e-01,2.803166508674621582e-01,5.495545864105224609e-01
1.949999999999999956e+00,-2.544495165348052979e-01,-2.251484394073486328e-01,-8.932213783264160156e+00,-3.803198039531707764e-01,6.725161075592041016e-01,2.572367191314697266e-01,5.804380178451538086e-01
1.955000000000000071e+00,-2.551805675029754639e-01,-2.259469926357269287e-01,-8.998709678649902344e+00,-4.013233184814453125e-01,6.426575183868408203e-01,2.322063297033309937e-01,6.099272966384887695e-01
1.959999999999999964e+00,-2.559116184711456299e-01,-2.267455458641052246e-01,-9.065450668334960938e+00,-4.204178154468536377e-01,6.116969585418701172e-01,2.053138762712478638e-01,6.379044651985168457e-01
1.965000000000000080e+00,-2.566426694393157959e-01,-2.275440990924835205e-01,-9.132436752319335938e+00,-4.375399649143218994e-01,5.797536373138427734e-01,1.766549050807952881e-01,6.642571687698364258e-01
1.969999999999999973e+00,-2.573737204074859619e-01,-2.283426523208618164e-01,-9.199667930603027344e+00,-4.526338279247283936e-01,5.469504594802856445e-01,1.463318020105361938e-01,6.888794898986816406e-01
1.975000000000000089e+00,-2.581047713756561279e-01,-2.291412055492401123e-01,-9.267144203186035156e+00,-4.656510949134826660e-01,5.134137272834777832e-01,1.144532263278961182e-01,7.116712331771850586e-01
1.979999999999999982e+00,-2.588358223438262939e-01,-2.299397587776184082e-01,-9.334866523742675781e+00,-4.765513837337493896e-01,4.792722165584564209e-01,8.113373816013336182e-02,7.325395941734313965e-01
1.985000000000000098e+00,-2.595668733119964600e-01,-2.307383120059967041e-01,-9.402832984924316406e+00,-4.853022396564483643e-01,4.446571767330169678e-01,4.649350047111511230e-02,7.513988018035888672e-01
1.989999999999999991e+00,-2.602979242801666260e-01,-2.315368652343750000e-01,-9.471045494079589844e+00,-4.918791651725769043e-01,4.097015559673309326e-01,1.065769698470830917e-02,7.681706547737121582e-01
1.995000000000000107e+00,-2.610289752483367920e-01,-2.323354184627532959e-01,-9.539503097534179688e+00,-4.962660670280456543e-01,3.745394647121429443e-01,-2.624387480318546295e-02,7.827844619750976562e-01
