time_s,delta_m,normal_force_N,contact_points,vz_m_s
1.5,5.000316832592944e-06,1.9998668802708293,4,-9.360575603523102e-08
1.5005,5.0002736315946095e-06,2.0003597176555172,4,8.655187144768206e-08
1.501,5.0001776799035724e-06,2.000212177208819,4,1.9193790024019108e-07
1.5015,5.000159944756888e-06,1.999686754957456,4,3.5055183644772114e-08
1.502,5.000188139092643e-06,1.9998152343696667,4,-5.6715823149033895e-08
1.5025,5.000243618269451e-06,1.9998910171467112,4,-1.1084637918656881e-07
1.503,5.000315468350891e-06,1.9999365936156852,4,-1.4340099596665823e-07
1.5035,5.000286819267785e-06,2.000400697467631,4,5.728057672627074e-08
1.504,5.000199507776415e-06,2.0002363488952666,4,1.746724080931017e-07
1.5045,5.00018677485059e-06,1.999699941083008,4,2.5636522238414727e-08
1.505,5.0002176976704504e-06,1.9998230121236882,4,-6.227136140068978e-08
1.5055,5.000274541089311e-06,1.9998956048060548,4,-1.1412328149162931e-07
1.506,5.0002372518065386e-06,2.000376602890724,4,7.449098404777033e-08
1.5065,5.000254077458521e-06,1.9997826690249503,4,-3.345486376815643e-08
1.507,5.000302735425066e-06,1.999871808682508,4,-9.712604764899879e-08
1.5075,5.000260443921434e-06,2.0003626147374267,4,8.448252231119113e-08
1.508,5.00027408634196e-06,1.9997744181999588,4,-2.7561418036725627e-08
1.5085,5.000211331207538e-06,2.000305365380745,4,1.253749246643565e-07
1.509,5.0002131501969416e-06,1.9997406500207071,4,-3.4412901417368857e-09
1.5095,5.000252713216469e-06,1.999847024036049,4,-7.942272617356139e-08
1.51,5.00031501360354e-06,1.9999097680815638,4,-1.2423990369825333e-07
1.5105,5.000280907552224e-06,2.0003849285314423,4,6.854410372625352e-08
1.511,5.000190412829397e-06,2.000227047685827,4,1.813161389918605e-07
1.5115,5.000175860914169e-06,1.9996954963106541,4,2.881136040855381e-08
1.512,5.000205874239327e-06,1.9998203904018486,4,-6.039870470431197e-08
1.5125,5.000262262910837e-06,1.9998940584012508,4,-1.1301870728175345e-07
1.513,5.000334567739628e-06,1.9999383630249206,4,-1.4466486675246415e-07
1.5135,5.000306373403873e-06,2.0004017375909022,4,5.65376296890463e-08
1.514,5.000219061912503e-06,2.000236962406992,4,1.74234187966249e-07
1.5145,5.000206328986678e-06,1.9997003029569878,4,2.5378041001999918e-08
1.515,5.0002377065538894e-06,1.9998232255726487,4,-6.242382966092919e-08
1.5155,5.000295004720101e-06,1.9998957307114602,4,-1.1421321488569447e-07
1.516,5.0002577154373284e-06,2.0003766769028926,4,7.443811966822977e-08
1.5165,5.000274541089311e-06,1.999782712679372,4,-3.348604593611526e-08
1.517,5.0002136049442925e-06,2.0003102411507694,4,1.218922278667378e-07
1.5175,5.000216333428398e-06,1.9997435259664131,4,-5.495537358513047e-09
1.518,5.000256805942627e-06,1.9998487203948894,4,-8.063441470085309e-08
1.5185,5.000319106329698e-06,1.9999107686712154,4,-1.2495461021444498e-07
1.519,5.000285000278382e-06,2.0003855167109306,4,6.812397401745329e-08
1.5195,5.000194505555555e-06,2.000227394621056,4,1.810683158964821e-07
1.52,5.000179953640327e-06,1.9996957002607652,4,2.8665681384154595e-08
1.5205,5.000210421712836e-06,1.9998205107008538,4,-6.048463063734744e-08
1.521,5.000266810384346e-06,1.999894129357286,4,-1.1306939029509522e-07
1.5215,5.000339115213137e-06,1.9999384043073565,4,-1.446943542759982e-07
1.522,5.000310920877382e-06,2.0004017618581447,4,5.652029599900743e-08
1.5225,5.000223609386012e-06,2.0002369767208292,4,1.7422397036170878e-07
1.523,5.000210876460187e-06,1.99970031139453,4,2.5372013823243833e-08
1.5235,5.000242254027398e-06,1.9998232305497776,4,-6.242738237460799e-08
1.524,5.00029955219361e-06,1.9998957336452372,4,-1.142153038813376e-07
1.5245,5.000262262910837e-06,2.000376678622057,4,7.443689042929691e-08
1.525,5.00027908856282e-06,1.9997827136944475,4,-3.3486770689705736e-08
1.5255,5.000218152417801e-06,2.0003102417472167,4,1.2189180154109636e-07
1.526,5.000220880901907e-06,1.9997435263184626,4,-5.4957887130058225e-09
1.5265,5.0002613534161355e-06,1.9998487206024538,4,-8.06345639148276e-08
1.527,5.000323653803207e-06,1.9999107687944284,4,-1.2495469547957327e-07
1.5275,5.0002895477518905e-06,2.000385516781097,4,6.812392427946179e-08
1.528,5.000199053029064e-06,2.000227394662131,4,1.8106828747477266e-07
1.5285,5.000184501113836e-06,1.999695700284154,4,2.86656636205862e-08
1.529,5.000214969186345e-06,1.999820510715517,4,-6.048464484820215e-08
1.5295,5.000271357857855e-06,1.9998941293690007,4,-1.1306939740052258e-07
1.53,5.0002336138277315e-06,2.0003757355794685,4,7.511049204822484e-08
1.5305,5.000249984732363e-06,1.999782157446857,4,-3.308945295543708e-08
1.531,5.000298642698908e-06,1.9998715069330968,4,-9.691051161553332e-08
1.5315,5.000256351195276e-06,2.0003624373585,4,8.460922629183187e-08
1.532,5.000269993615802e-06,1.9997743135702128,4,-2.748668315177838e-08
1.5325,5.000316832592944e-06,1.9998668802708293,4,-9.360575603523102e-08
1.533,5.0002736315946095e-06,2.0003597176555172,4,8.655187144768206e-08
1.5335,5.0001776799035724e-06,2.000212177208819,4,1.9193790024019108e-07
1.534,5.000159944756888e-06,1.999686754957456,4,3.5055183644772114e-08
1.5345,5.000188139092643e-06,1.9998152343696667,4,-5.6715823149033895e-08
1.535,5.000243618269451e-06,1.9998910171467112,4,-1.1084637918656881e-07
1.5355,5.000315468350891e-06,1.9999365936156852,4,-1.4340099596665823e-07
1.536,5.000286819267785e-06,2.000400697467631,4,5.728057672627074e-08
1.5365,5.000199507776415e-06,2.0002363488952666,4,1.746724080931017e-07
1.537,5.00018677485059e-06,1.999699941083008,4,2.5636522238414727e-08
1.5374999999999999,5.0002176976704504e-06,1.9998230121236882,4,-6.227136140068978e-08
1.538,5.000274541089311e-06,1.9998956048060548,4,-1.1412328149162931e-07
1.5385,5.0002372518065386e-06,2.000376602890724,4,7.449098404777033e-08
1.539,5.000254077458521e-06,1.9997826690249503,4,-3.345486376815643e-08
1.5394999999999999,5.000302735425066e-06,1.999871808682508,4,-9.712604764899879e-08
1.54,5.000260443921434e-06,2.0003626147374267,4,8.448252231119113e-08
1.5405,5.00027408634196e-06,1.9997744181999588,4,-2.7561418036725627e-08
1.541,5.000211331207538e-06,2.000305365380745,4,1.253749246643565e-07
1.5414999999999999,5.0002131501969416e-06,1.9997406500207071,4,-3.4412901417368857e-09
1.542,5.000252713216469e-06,1.999847024036049,4,-7.942272617356139e-08
1.5425,5.00031501360354e-06,1.9999097680815638,4,-1.2423990369825333e-07
1.543,5.000280907552224e-06,2.0003849285314423,4,6.854410372625352e-08
1.5434999999999999,5.000190412829397e-06,2.000227047685827,4,1.813161389918605e-07
1.544,5.000175860914169e-06,1.9996954963106541,4,2.881136040855381e-08
1.5445,5.000205874239327e-06,1.9998203904018486,4,-6.039870470431197e-08
1.545,5.000262262910837e-06,1.9998940584012508,4,-1.1301870728175345e-07
1.5454999999999999,5.000334567739628e-06,1.9999383630249206,4,-1.4466486675246415e-07
1.546,5.000306373403873e-06,2.0004017375909022,4,5.65376296890463e-08
1.5465,5.000219061912503e-06,2.000236962406992,4,1.74234187966249e-07
1.547,5.000206328986678e-06,1.9997003029569878,4,2.5378041001999918e-08
1.5474999999999999,5.0002377065538894e-06,1.9998232255726487,4,-6.242382966092919e-08
1.548,5.000295004720101e-06,1.9998957307114602,4,-1.1421321488569447e-07
1.5485,5.0002577154373284e-06,2.0003766769028926,4,7.443811966822977e-08
1.549,5.000274541089311e-06,1.999782712679372,4,-3.348604593611526e-08
1.5494999999999999,5.0002136049442925e-06,2.0003102411507694,4,1.218922278667378e-07
1.55,5.000216333428398e-06,1.9997435259664131,4,-5.495537358513047e-09
1.5505,5.000256805942627e-06,1.9998487203948894,4,-8.063441470085309e-08
1.551,5.000319106329698e-06,1.9999107686712154,4,-1.2495461021444498e-07
1.5514999999999999,5.000285000278382e-06,2.0003855167109306,4,6.812397401745329e-08
1.552,5.000194505555555e-06,2.000227394621056,4,1.810683158964821e-07
1.5525,5.000179953640327e-06,1.9996957002607652,4,2.8665681384154595e-08
1.553,5.000210421712836e-06,1.9998205107008538,4,-6.048463063734744e-08
1.5534999999999999,5.000266810384346e-06,1.999894129357286,4,-1.1306939029509522e-07
1.554,5.000339115213137e-06,1.9999384043073565,4,-1.446943542759982e-07
1.5545,5.000310920877382e-06,2.0004017618581447,4,5.652029599900743e-08
1.555,5.000223609386012e-06,2.0002369767208292,4,1.7422397036170878e-07
1.5554999999999999,5.000210876460187e-06,1.99970031139453,4,2.5372013823243833e-08
1.556,5.000242254027398e-06,1.9998232305497776,4,-6.242738237460799e-08
1.5565,5.00029955219361e-06,1.9998957336452372,4,-1.142153038813376e-07
1.557,5.000262262910837e-06,2.000376678622057,4,7.443689042929691e-08
1.5574999999999999,5.00027908856282e-06,1.9997827136944475,4,-3.3486770689705736e-08
1.558,5.000218152417801e-06,2.0003102417472167,4,1.2189180154109636e-07
1.5585,5.000220880901907e-06,1.9997435263184626,4,-5.4957887130058225e-09
1.559,5.0002613534161355e-06,1.9998487206024538,4,-8.06345639148276e-08
1.5594999999999999,5.000323653803207e-06,1.9999107687944284,4,-1.2495469547957327e-07
1.56,5.0002895477518905e-06,2.000385516781097,4,6.812392427946179e-08
1.5605,5.000199053029064e-06,2.000227394662131,4,1.8106828747477266e-07
1.561,5.000184501113836e-06,1.999695700284154,4,2.86656636205862e-08
1.5614999999999999,5.000214969186345e-06,1.999820510715517,4,-6.048464484820215e-08
1.562,5.000271357857855e-06,1.9998941293690007,4,-1.1306939740052258e-07
1.5625,5.0002336138277315e-06,2.0003757355794685,4,7.511049204822484e-08
1.563,5.000249984732363e-06,1.999782157446857,4,-3.308945295543708e-08
1.5635,5.000298642698908e-06,1.9998715069330968,4,-9.691051161553332e-08
1.564,5.000256351195276e-06,2.0003624373585,4,8.460922629183187e-08
1.5645,5.000269993615802e-06,1.9997743135702128,4,-2.748668315177838e-08
1.565,5.000316832592944e-06,1.9998668802708293,4,-9.360575603523102e-08
1.5655,5.0002736315946095e-06,2.0003597176555172,4,8.655187144768206e-08
1.566,5.0001776799035724e-06,2.000212177208819,4,1.9193790024019108e-07
1.5665,5.000159944756888e-06,1.999686754957456,4,3.5055183644772114e-08
1.567,5.000188139092643e-06,1.9998152343696667,4,-5.6715823149033895e-08
1.5675,5.000243618269451e-06,1.9998910171467112,4,-1.1084637918656881e-07
1.568,5.000315468350891e-06,1.9999365936156852,4,-1.4340099596665823e-07
1.5685,5.000286819267785e-06,2.000400697467631,4,5.728057672627074e-08
1.569,5.000199507776415e-06,2.0002363488952666,4,1.746724080931017e-07
1.5695,5.00018677485059e-06,1.999699941083008,4,2.5636522238414727e-08
1.57,5.0002176976704504e-06,1.9998230121236882,4,-6.227136140068978e-08
1.5705,5.000274541089311e-06,1.9998956048060548,4,-1.1412328149162931e-07
1.571,5.0002372518065386e-06,2.000376602890724,4,7.449098404777033e-08
1.5715,5.000254077458521e-06,1.9997826690249503,4,-3.345486376815643e-08
1.572,5.000302735425066e-06,1.999871808682508,4,-9.712604764899879e-08
1.5725,5.000260443921434e-06,2.0003626147374267,4,8.448252231119113e-08
1.573,5.00027408634196e-06,1.9997744181999588,4,-2.7561418036725627e-08
1.5735,5.000211331207538e-06,2.000305365380745,4,1.253749246643565e-07
1.574,5.0002131501969416e-06,1.9997406500207071,4,-3.4412901417368857e-09
1.5745,5.000252713216469e-06,1.999847024036049,4,-7.942272617356139e-08
1.575,5.00031501360354e-06,1.9999097680815638,4,-1.2423990369825333e-07
1.5755,5.000280907552224e-06,2.0003849285314423,4,6.854410372625352e-08
1.576,5.000190412829397e-06,2.000227047685827,4,1.813161389918605e-07
1.5765,5.000175860914169e-06,1.9996954963106541,4,2.881136040855381e-08
1.577,5.000205874239327e-06,1.9998203904018486,4,-6.039870470431197e-08
1.5775,5.000262262910837e-06,1.9998940584012508,4,-1.1301870728175345e-07
1.578,5.000334567739628e-06,1.9999383630249206,4,-1.4466486675246415e-07
1.5785,5.000306373403873e-06,2.0004017375909022,4,5.65376296890463e-08
1.579,5.000219061912503e-06,2.000236962406992,4,1.74234187966249e-07
1.5795,5.000206328986678e-06,1.9997003029569878,4,2.5378041001999918e-08
1.58,5.0002377065538894e-06,1.9998232255726487,4,-6.242382966092919e-08
1.5805,5.000295004720101e-06,1.9998957307114602,4,-1.1421321488569447e-07
1.581,5.0002577154373284e-06,2.0003766769028926,4,7.443811966822977e-08
1.5815,5.000274541089311e-06,1.999782712679372,4,-3.348604593611526e-08
1.582,5.0002136049442925e-06,2.0003102411507694,4,1.218922278667378e-07
1.5825,5.000216333428398e-06,1.9997435259664131,4,-5.495537358513047e-09
1.583,5.000256805942627e-06,1.9998487203948894,4,-8.063441470085309e-08
1.5835,5.000319106329698e-06,1.9999107686712154,4,-1.2495461021444498e-07
1.584,5.000285000278382e-06,2.0003855167109306,4,6.812397401745329e-08
1.5845,5.000194505555555e-06,2.000227394621056,4,1.810683158964821e-07
1.585,5.000179953640327e-06,1.9996957002607652,4,2.8665681384154595e-08
1.5855,5.000210421712836e-06,1.9998205107008538,4,-6.048463063734744e-08
1.586,5.000266810384346e-06,1.999894129357286,4,-1.1306939029509522e-07
1.5865,5.000339115213137e-06,1.9999384043073565,4,-1.446943542759982e-07
1.587,5.000310920877382e-06,2.0004017618581447,4,5.652029599900743e-08
1.5875,5.000223609386012e-06,2.0002369767208292,4,1.7422397036170878e-07
1.588,5.000210876460187e-06,1.99970031139453,4,2.5372013823243833e-08
1.5885,5.000242254027398e-06,1.9998232305497776,4,-6.242738237460799e-08
1.589,5.00029955219361e-06,1.9998957336452372,4,-1.142153038813376e-07
1.5895,5.000262262910837e-06,2.000376678622057,4,7.443689042929691e-08
1.59,5.00027908856282e-06,1.9997827136944475,4,-3.3486770689705736e-08
1.5905,5.000218152417801e-06,2.0003102417472167,4,1.2189180154109636e-07
1.591,5.000220880901907e-06,1.9997435263184626,4,-5.4957887130058225e-09
1.5915,5.0002613534161355e-06,1.9998487206024538,4,-8.06345639148276e-08
1.592,5.000323653803207e-06,1.9999107687944284,4,-1.2495469547957327e-07
1.5925,5.0002895477518905e-06,2.000385516781097,4,6.812392427946179e-08
1.593,5.000199053029064e-06,2.000227394662131,4,1.8106828747477266e-07
1.5935,5.000184501113836e-06,1.999695700284154,4,2.86656636205862e-08
1.594,5.000214969186345e-06,1.999820510715517,4,-6.048464484820215e-08
1.5945,5.000271357857855e-06,1.9998941293690007,4,-1.1306939740052258e-07
1.595,5.0002336138277315e-06,2.0003757355794685,4,7.511049204822484e-08
1.5955,5.000249984732363e-06,1.999782157446857,4,-3.308945295543708e-08
1.596,5.000298642698908e-06,1.9998715069330968,4,-9.691051161553332e-08
1.5965,5.000256351195276e-06,2.0003624373585,4,8.460922629183187e-08
1.597,5.000269993615802e-06,1.9997743135702128,4,-2.748668315177838e-08
1.5975,5.000316832592944e-06,1.9998668802708293,4,-9.360575603523102e-08
1.598,5.0002736315946095e-06,2.0003597176555172,4,8.655187144768206e-08
1.5985,5.0001776799035724e-06,2.000212177208819,4,1.9193790024019108e-07
1.599,5.000159944756888e-06,1.999686754957456,4,3.5055183644772114e-08
1.5995,5.000188139092643e-06,1.9998152343696667,4,-5.6715823149033895e-08
1.6,5.000243618269451e-06,1.9998910171467112,4,-1.1084637918656881e-07
1.6005,5.000315468350891e-06,1.9999365936156852,4,-1.4340099596665823e-07
1.601,5.000286819267785e-06,2.000400697467631,4,5.728057672627074e-08
1.6015,5.000199507776415e-06,2.0002363488952666,4,1.746724080931017e-07
1.6019999999999999,5.00018677485059e-06,1.999699941083008,4,2.5636522238414727e-08
1.6025,5.0002176976704504e-06,1.9998230121236882,4,-6.227136140068978e-08
1.603,5.000274541089311e-06,1.9998956048060548,4,-1.1412328149162931e-07
1.6035,5.0002372518065386e-06,2.000376602890724,4,7.449098404777033e-08
1.6039999999999999,5.000254077458521e-06,1.9997826690249503,4,-3.345486376815643e-08
1.6045,5.000302735425066e-06,1.999871808682508,4,-9.712604764899879e-08
1.605,5.000260443921434e-06,2.0003626147374267,4,8.448252231119113e-08
1.6055,5.00027408634196e-06,1.9997744181999588,4,-2.7561418036725627e-08
1.6059999999999999,5.000211331207538e-06,2.000305365380745,4,1.253749246643565e-07
1.6065,5.0002131501969416e-06,1.9997406500207071,4,-3.4412901417368857e-09
1.607,5.000252713216469e-06,1.999847024036049,4,-7.942272617356139e-08
1.6075,5.00031501360354e-06,1.9999097680815638,4,-1.2423990369825333e-07
1.6079999999999999,5.000280907552224e-06,2.0003849285314423,4,6.854410372625352e-08
1.6085,5.000190412829397e-06,2.000227047685827,4,1.813161389918605e-07
1.609,5.000175860914169e-06,1.9996954963106541,4,2.881136040855381e-08
1.6095,5.000205874239327e-06,1.9998203904018486,4,-6.039870470431197e-08
1.6099999999999999,5.000262262910837e-06,1.9998940584012508,4,-1.1301870728175345e-07
1.6105,5.000334567739628e-06,1.9999383630249206,4,-1.4466486675246415e-07
1.611,5.000306373403873e-06,2.0004017375909022,4,5.65376296890463e-08
1.6115,5.000219061912503e-06,2.000236962406992,4,1.74234187966249e-07
1.6119999999999999,5.000206328986678e-06,1.9997003029569878,4,2.5378041001999918e-08
1.6125,5.0002377065538894e-06,1.9998232255726487,4,-6.242382966092919e-08
1.613,5.000295004720101e-06,1.9998957307114602,4,-1.1421321488569447e-07
1.6135,5.0002577154373284e-06,2.0003766769028926,4,7.443811966822977e-08
1.6139999999999999,5.000274541089311e-06,1.999782712679372,4,-3.348604593611526e-08
1.6145,5.0002136049442925e-06,2.0003102411507694,4,1.218922278667378e-07
1.615,5.000216333428398e-06,1.9997435259664131,4,-5.495537358513047e-09
1.6155,5.000256805942627e-06,1.9998487203948894,4,-8.063441470085309e-08
1.6159999999999999,5.000319106329698e-06,1.9999107686712154,4,-1.2495461021444498e-07
1.6165,5.000285000278382e-06,2.0003855167109306,4,6.812397401745329e-08
1.617,5.000194505555555e-06,2.000227394621056,4,1.810683158964821e-07
1.6175,5.000179953640327e-06,1.9996957002607652,4,2.8665681384154595e-08
1.6179999999999999,5.000210421712836e-06,1.9998205107008538,4,-6.048463063734744e-08
1.6185,5.000266810384346e-06,1.999894129357286,4,-1.1306939029509522e-07
1.619,5.000339115213137e-06,1.9999384043073565,4,-1.446943542759982e-07
1.6195,5.000310920877382e-06,2.0004017618581447,4,5.652029599900743e-08
1.6199999999999999,5.000223609386012e-06,2.0002369767208292,4,1.7422397036170878e-07
1.6205,5.000210876460187e-06,1.99970031139453,4,2.5372013823243833e-08
1.621,5.000242254027398e-06,1.9998232305497776,4,-6.242738237460799e-08
1.6215,5.00029955219361e-06,1.9998957336452372,4,-1.142153038813376e-07
1.6219999999999999,5.000262262910837e-06,2.000376678622057,4,7.443689042929691e-08
1.6225,5.00027908856282e-06,1.9997827136944475,4,-3.3486770689705736e-08
1.623,5.000218152417801e-06,2.0003102417472167,4,1.2189180154109636e-07
1.6235,5.000220880901907e-06,1.9997435263184626,4,-5.4957887130058225e-09
1.6239999999999999,5.0002613534161355e-06,1.9998487206024538,4,-8.06345639148276e-08
1.6245,5.000323653803207e-06,1.9999107687944284,4,-1.2495469547957327e-07
1.625,5.0002895477518905e-06,2.000385516781097,4,6.812392427946179e-08
1.6255,5.000199053029064e-06,2.000227394662131,4,1.8106828747477266e-07
1.626,5.000184501113836e-06,1.999695700284154,4,2.86656636205862e-08
1.6265,5.000214969186345e-06,1.999820510715517,4,-6.048464484820215e-08
1.627,5.000271357857855e-06,1.9998941293690007,4,-1.1306939740052258e-07
1.6275,5.0002336138277315e-06,2.0003757355794685,4,7.511049204822484e-08
1.628,5.000249984732363e-06,1.999782157446857,4,-3.308945295543708e-08
1.6285,5.000298642698908e-06,1.9998715069330968,4,-9.691051161553332e-08
1.629,5.000256351195276e-06,2.0003624373585,4,8.460922629183187e-08
1.6295,5.000269993615802e-06,1.9997743135702128,4,-2.748668315177838e-08
1.63,5.000316832592944e-06,1.9998668802708293,4,-9.360575603523102e-08
1.6305,5.0002736315946095e-06,2.0003597176555172,4,8.655187144768206e-08
1.631,5.0001776799035724e-06,2.000212177208819,4,1.9193790024019108e-07
1.6315,5.000159944756888e-06,1.999686754957456,4,3.5055183644772114e-08
1.632,5.000188139092643e-06,1.9998152343696667,4,-5.6715823149033895e-08
1.6325,5.000243618269451e-06,1.9998910171467112,4,-1.1084637918656881e-07
1.633,5.000315468350891e-06,1.9999365936156852,4,-1.4340099596665823e-07
1.6335,5.000286819267785e-06,2.000400697467631,4,5.728057672627074e-08
1.634,5.000199507776415e-06,2.0002363488952666,4,1.746724080931017e-07
1.6345,5.00018677485059e-06,1.999699941083008,4,2.5636522238414727e-08
1.635,5.0002176976704504e-06,1.9998230121236882,4,-6.227136140068978e-08
1.6355,5.000274541089311e-06,1.9998956048060548,4,-1.1412328149162931e-07
1.636,5.0002372518065386e-06,2.000376602890724,4,7.449098404777033e-08
1.6365,5.000254077458521e-06,1.9997826690249503,4,-3.345486376815643e-08
1.637,5.000302735425066e-06,1.999871808682508,4,-9.712604764899879e-08
1.6375,5.000260443921434e-06,2.0003626147374267,4,8.448252231119113e-08
1.638,5.00027408634196e-06,1.9997744181999588,4,-2.7561418036725627e-08
1.6385,5.000211331207538e-06,2.000305365380745,4,1.253749246643565e-07
1.639,5.0002131501969416e-06,1.9997406500207071,4,-3.4412901417368857e-09
1.6395,5.000252713216469e-06,1.999847024036049,4,-7.942272617356139e-08
1.64,5.00031501360354e-06,1.9999097680815638,4,-1.2423990369825333e-07
1.6405,5.000280907552224e-06,2.0003849285314423,4,6.854410372625352e-08
1.641,5.000190412829397e-06,2.000227047685827,4,1.813161389918605e-07
1.6415,5.000175860914169e-06,1.9996954963106541,4,2.881136040855381e-08
1.642,5.000205874239327e-06,1.9998203904018486,4,-6.039870470431197e-08
1.6425,5.000262262910837e-06,1.9998940584012508,4,-1.1301870728175345e-07
1.643,5.000334567739628e-06,1.9999383630249206,4,-1.4466486675246415e-07
1.6435,5.000306373403873e-06,2.0004017375909022,4,5.65376296890463e-08
1.644,5.000219061912503e-06,2.000236962406992,4,1.74234187966249e-07
1.6445,5.000206328986678e-06,1.9997003029569878,4,2.5378041001999918e-08
1.645,5.0002377065538894e-06,1.9998232255726487,4,-6.242382966092919e-08
1.6455,5.000295004720101e-06,1.9998957307114602,4,-1.1421321488569447e-07
1.646,5.0002577154373284e-06,2.0003766769028926,4,7.443811966822977e-08
1.6465,5.000274541089311e-06,1.999782712679372,4,-3.348604593611526e-08
1.647,5.0002136049442925e-06,2.0003102411507694,4,1.218922278667378e-07
1.6475,5.000216333428398e-06,1.9997435259664131,4,-5.495537358513047e-09
1.648,5.000256805942627e-06,1.9998487203948894,4,-8.063441470085309e-08
1.6485,5.000319106329698e-06,1.9999107686712154,4,-1.2495461021444498e-07
1.649,5.000285000278382e-06,2.0003855167109306,4,6.812397401745329e-08
1.6495,5.000194505555555e-06,2.000227394621056,4,1.810683158964821e-07
1.65,5.000179953640327e-06,1.9996957002607652,4,2.8665681384154595e-08
1.6505,5.000210421712836e-06,1.9998205107008538,4,-6.048463063734744e-08
1.651,5.000266810384346e-06,1.999894129357286,4,-1.1306939029509522e-07
1.6515,5.000339115213137e-06,1.9999384043073565,4,-1.446943542759982e-07
1.652,5.000310920877382e-06,2.0004017618581447,4,5.652029599900743e-08
1.6525,5.000223609386012e-06,2.0002369767208292,4,1.7422397036170878e-07
1.653,5.000210876460187e-06,1.99970031139453,4,2.5372013823243833e-08
1.6535,5.000242254027398e-06,1.9998232305497776,4,-6.242738237460799e-08
1.654,5.00029955219361e-06,1.9998957336452372,4,-1.142153038813376e-07
1.6545,5.000262262910837e-06,2.000376678622057,4,7.443689042929691e-08
1.655,5.00027908856282e-06,1.9997827136944475,4,-3.3486770689705736e-08
1.6555,5.000218152417801e-06,2.0003102417472167,4,1.2189180154109636e-07
1.656,5.000220880901907e-06,1.9997435263184626,4,-5.4957887130058225e-09
1.6565,5.0002613534161355e-06,1.9998487206024538,4,-8.06345639148276e-08
1.657,5.000323653803207e-06,1.9999107687944284,4,-1.2495469547957327e-07
1.6575,5.0002895477518905e-06,2.000385516781097,4,6.812392427946179e-08
1.658,5.000199053029064e-06,2.000227394662131,4,1.8106828747477266e-07
1.6585,5.000184501113836e-06,1.999695700284154,4,2.86656636205862e-08
1.659,5.000214969186345e-06,1.999820510715517,4,-6.048464484820215e-08
1.6595,5.000271357857855e-06,1.9998941293690007,4,-1.1306939740052258e-07
1.66,5.0002336138277315e-06,2.0003757355794685,4,7.511049204822484e-08
1.6605,5.000249984732363e-06,1.999782157446857,4,-3.308945295543708e-08
1.661,5.000298642698908e-06,1.9998715069330968,4,-9.691051161553332e-08
1.6615,5.000256351195276e-06,2.0003624373585,4,8.460922629183187e-08
1.662,5.000269993615802e-06,1.9997743135702128,4,-2.748668315177838e-08
1.6625,5.000316832592944e-06,1.9998668802708293,4,-9.360575603523102e-08
1.663,5.0002736315946095e-06,2.0003597176555172,4,8.655187144768206e-08
1.6635,5.0001776799035724e-06,2.000212177208819,4,1.9193790024019108e-07
1.664,5.000159944756888e-06,1.999686754957456,4,3.5055183644772114e-08
1.6645,5.000188139092643e-06,1.9998152343696667,4,-5.6715823149033895e-08
1.665,5.000243618269451e-06,1.9998910171467112,4,-1.1084637918656881e-07
1.6655,5.000315468350891e-06,1.9999365936156852,4,-1.4340099596665823e-07
1.666,5.000286819267785e-06,2.000400697467631,4,5.728057672627074e-08
1.6664999999999999,5.000199507776415e-06,2.0002363488952666,4,1.746724080931017e-07
1.667,5.00018677485059e-06,1.999699941083008,4,2.5636522238414727e-08
1.6675,5.0002176976704504e-06,1.9998230121236882,4,-6.227136140068978e-08
1.668,5.000274541089311e-06,1.9998956048060548,4,-1.1412328149162931e-07
1.6684999999999999,5.0002372518065386e-06,2.000376602890724,4,7.449098404777033e-08
1.669,5.000254077458521e-06,1.9997826690249503,4,-3.345486376815643e-08
1.6695,5.000302735425066e-06,1.999871808682508,4,-9.712604764899879e-08
1.67,5.000260443921434e-06,2.0003626147374267,4,8.448252231119113e-08
1.6704999999999999,5.00027408634196e-06,1.9997744181999588,4,-2.7561418036725627e-08
1.671,5.000211331207538e-06,2.000305365380745,4,1.253749246643565e-07
1.6715,5.0002131501969416e-06,1.9997406500207071,4,-3.4412901417368857e-09
1.672,5.000252713216469e-06,1.999847024036049,4,-7.942272617356139e-08
1.6724999999999999,5.00031501360354e-06,1.9999097680815638,4,-1.2423990369825333e-07
1.673,5.000280907552224e-06,2.0003849285314423,4,6.854410372625352e-08
1.6735,5.000190412829397e-06,2.000227047685827,4,1.813161389918605e-07
1.674,5.000175860914169e-06,1.9996954963106541,4,2.881136040855381e-08
1.6744999999999999,5.000205874239327e-06,1.9998203904018486,4,-6.039870470431197e-08
1.675,5.000262262910837e-06,1.9998940584012508,4,-1.1301870728175345e-07
1.6755,5.000334567739628e-06,1.9999383630249206,4,-1.4466486675246415e-07
1.676,5.000306373403873e-06,2.0004017375909022,4,5.65376296890463e-08
1.6764999999999999,5.000219061912503e-06,2.000236962406992,4,1.74234187966249e-07
1.677,5.000206328986678e-06,1.9997003029569878,4,2.5378041001999918e-08
1.6775,5.0002377065538894e-06,1.9998232255726487,4,-6.242382966092919e-08
1.678,5.000295004720101e-06,1.9998957307114602,4,-1.1421321488569447e-07
1.6784999999999999,5.0002577154373284e-06,2.0003766769028926,4,7.443811966822977e-08
1.679,5.000274541089311e-06,1.999782712679372,4,-3.348604593611526e-08
1.6795,5.0002136049442925e-06,2.0003102411507694,4,1.218922278667378e-07
1.68,5.000216333428398e-06,1.9997435259664131,4,-5.495537358513047e-09
1.6804999999999999,5.000256805942627e-06,1.9998487203948894,4,-8.063441470085309e-08
1.681,5.000319106329698e-06,1.9999107686712154,4,-1.2495461021444498e-07
1.6815,5.000285000278382e-06,2.0003855167109306,4,6.812397401745329e-08
1.682,5.000194505555555e-06,2.000227394621056,4,1.810683158964821e-07
1.6824999999999999,5.000179953640327e-06,1.9996957002607652,4,2.8665681384154595e-08
1.683,5.000210421712836e-06,1.9998205107008538,4,-6.048463063734744e-08
1.6835,5.000266810384346e-06,1.999894129357286,4,-1.1306939029509522e-07
1.684,5.000339115213137e-06,1.9999384043073565,4,-1.446943542759982e-07
1.6844999999999999,5.000310920877382e-06,2.0004017618581447,4,5.652029599900743e-08
1.685,5.000223609386012e-06,2.0002369767208292,4,1.7422397036170878e-07
1.6855,5.000210876460187e-06,1.99970031139453,4,2.5372013823243833e-08
1.686,5.000242254027398e-06,1.9998232305497776,4,-6.242738237460799e-08
1.6864999999999999,5.00029955219361e-06,1.9998957336452372,4,-1.142153038813376e-07
1.687,5.000262262910837e-06,2.000376678622057,4,7.443689042929691e-08
1.6875,5.00027908856282e-06,1.9997827136944475,4,-3.3486770689705736e-08
1.688,5.000218152417801e-06,2.0003102417472167,4,1.2189180154109636e-07
1.6885,5.000220880901907e-06,1.9997435263184626,4,-5.4957887130058225e-09
1.689,5.0002613534161355e-06,1.9998487206024538,4,-8.06345639148276e-08
1.6895,5.000323653803207e-06,1.9999107687944284,4,-1.2495469547957327e-07
1.69,5.0002895477518905e-06,2.000385516781097,4,6.812392427946179e-08
1.6905,5.000199053029064e-06,2.000227394662131,4,1.8106828747477266e-07
1.691,5.000184501113836e-06,1.999695700284154,4,2.86656636205862e-08
1.6915,5.000214969186345e-06,1.999820510715517,4,-6.048464484820215e-08
1.692,5.000271357857855e-06,1.9998941293690007,4,-1.1306939740052258e-07
1.6925,5.0002336138277315e-06,2.0003757355794685,4,7.511049204822484e-08
1.693,5.000249984732363e-06,1.999782157446857,4,-3.308945295543708e-08
1.6935,5.000298642698908e-06,1.9998715069330968,4,-9.691051161553332e-08
1.694,5.000256351195276e-06,2.0003624373585,4,8.460922629183187e-08
1.6945,5.000269993615802e-06,1.9997743135702128,4,-2.748668315177838e-08
1.695,5.000316832592944e-06,1.9998668802708293,4,-9.360575603523102e-08
1.6955,5.0002736315946095e-06,2.0003597176555172,4,8.655187144768206e-08
1.696,5.0001776799035724e-06,2.000212177208819,4,1.9193790024019108e-07
1.6965,5.000159944756888e-06,1.999686754957456,4,3.5055183644772114e-08
1.697,5.000188139092643e-06,1.9998152343696667,4,-5.6715823149033895e-08
1.6975,5.000243618269451e-06,1.9998910171467112,4,-1.1084637918656881e-07
1.698,5.000315468350891e-06,1.9999365936156852,4,-1.4340099596665823e-07
1.6985,5.000286819267785e-06,2.000400697467631,4,5.728057672627074e-08
1.699,5.000199507776415e-06,2.0002363488952666,4,1.746724080931017e-07
1.6995,5.00018677485059e-06,1.999699941083008,4,2.5636522238414727e-08
1.7,5.0002176976704504e-06,1.9998230121236882,4,-6.227136140068978e-08
1.7005,5.000274541089311e-06,1.9998956048060548,4,-1.1412328149162931e-07
1.701,5.0002372518065386e-06,2.000376602890724,4,7.449098404777033e-08
1.7015,5.000254077458521e-06,1.9997826690249503,4,-3.345486376815643e-08
1.702,5.000302735425066e-06,1.999871808682508,4,-9.712604764899879e-08
1.7025,5.000260443921434e-06,2.0003626147374267,4,8.448252231119113e-08
1.703,5.00027408634196e-06,1.9997744181999588,4,-2.7561418036725627e-08
1.7035,5.000211331207538e-06,2.000305365380745,4,1.253749246643565e-07
1.704,5.0002131501969416e-06,1.9997406500207071,4,-3.4412901417368857e-09
1.7045,5.000252713216469e-06,1.999847024036049,4,-7.942272617356139e-08
1.705,5.00031501360354e-06,1.9999097680815638,4,-1.2423990369825333e-07
1.7055,5.000280907552224e-06,2.0003849285314423,4,6.854410372625352e-08
1.706,5.000190412829397e-06,2.000227047685827,4,1.813161389918605e-07
1.7065,5.000175860914169e-06,1.9996954963106541,4,2.881136040855381e-08
1.707,5.000205874239327e-06,1.9998203904018486,4,-6.039870470431197e-08
1.7075,5.000262262910837e-06,1.9998940584012508,4,-1.1301870728175345e-07
1.708,5.000334567739628e-06,1.9999383630249206,4,-1.4466486675246415e-07
1.7085,5.000306373403873e-06,2.0004017375909022,4,5.65376296890463e-08
1.709,5.000219061912503e-06,2.000236962406992,4,1.74234187966249e-07
1.7095,5.000206328986678e-06,1.9997003029569878,4,2.5378041001999918e-08
1.71,5.0002377065538894e-06,1.9998232255726487,4,-6.242382966092919e-08
1.7105,5.000295004720101e-06,1.9998957307114602,4,-1.1421321488569447e-07
1.711,5.0002577154373284e-06,2.0003766769028926,4,7.443811966822977e-08
1.7115,5.000274541089311e-06,1.999782712679372,4,-3.348604593611526e-08
1.712,5.0002136049442925e-06,2.0003102411507694,4,1.218922278667378e-07
1.7125,5.000216333428398e-06,1.9997435259664131,4,-5.495537358513047e-09
1.713,5.000256805942627e-06,1.9998487203948894,4,-8.063441470085309e-08
1.7135,5.000319106329698e-06,1.9999107686712154,4,-1.2495461021444498e-07
1.714,5.000285000278382e-06,2.0003855167109306,4,6.812397401745329e-08
1.7145,5.000194505555555e-06,2.000227394621056,4,1.810683158964821e-07
1.715,5.000179953640327e-06,1.9996957002607652,4,2.8665681384154595e-08
1.7155,5.000210421712836e-06,1.9998205107008538,4,-6.048463063734744e-08
1.716,5.000266810384346e-06,1.999894129357286,4,-1.1306939029509522e-07
1.7165,5.000339115213137e-06,1.9999384043073565,4,-1.446943542759982e-07
1.717,5.000310920877382e-06,2.0004017618581447,4,5.652029599900743e-08
1.7175,5.000223609386012e-06,2.0002369767208292,4,1.7422397036170878e-07
1.718,5.000210876460187e-06,1.99970031139453,4,2.5372013823243833e-08
1.7185,5.000242254027398e-06,1.9998232305497776,4,-6.242738237460799e-08
1.719,5.00029955219361e-06,1.9998957336452372,4,-1.142153038813376e-07
1.7195,5.000262262910837e-06,2.000376678622057,4,7.443689042929691e-08
1.72,5.00027908856282e-06,1.9997827136944475,4,-3.3486770689705736e-08
1.7205,5.000218152417801e-06,2.0003102417472167,4,1.2189180154109636e-07
1.721,5.000220880901907e-06,1.9997435263184626,4,-5.4957887130058225e-09
1.7215,5.0002613534161355e-06,1.9998487206024538,4,-8.06345639148276e-08
1.722,5.000323653803207e-06,1.9999107687944284,4,-1.2495469547957327e-07
1.7225,5.0002895477518905e-06,2.000385516781097,4,6.812392427946179e-08
1.723,5.000199053029064e-06,2.000227394662131,4,1.8106828747477266e-07
1.7235,5.000184501113836e-06,1.999695700284154,4,2.86656636205862e-08
1.724,5.000214969186345e-06,1.999820510715517,4,-6.048464484820215e-08
1.7245,5.000271357857855e-06,1.9998941293690007,4,-1.1306939740052258e-07
1.725,5.0002336138277315e-06,2.0003757355794685,4,7.511049204822484e-08
1.7255,5.000249984732363e-06,1.999782157446857,4,-3.308945295543708e-08
1.726,5.000298642698908e-06,1.9998715069330968,4,-9.691051161553332e-08
1.7265,5.000256351195276e-06,2.0003624373585,4,8.460922629183187e-08
1.727,5.000269993615802e-06,1.9997743135702128,4,-2.748668315177838e-08
1.7275,5.000316832592944e-06,1.9998668802708293,4,-9.360575603523102e-08
1.728,5.0002736315946095e-06,2.0003597176555172,4,8.655187144768206e-08
1.7285,5.0001776799035724e-06,2.000212177208819,4,1.9193790024019108e-07
1.7289999999999999,5.000159944756888e-06,1.999686754957456,4,3.5055183644772114e-08
1.7295,5.000188139092643e-06,1.9998152343696667,4,-5.6715823149033895e-08
1.73,5.000243618269451e-06,1.9998910171467112,4,-1.1084637918656881e-07
1.7305,5.000315468350891e-06,1.9999365936156852,4,-1.4340099596665823e-07
1.7309999999999999,5.000286819267785e-06,2.000400697467631,4,5.728057672627074e-08
1.7315,5.000199507776415e-06,2.0002363488952666,4,1.746724080931017e-07
1.732,5.00018677485059e-06,1.999699941083008,4,2.5636522238414727e-08
1.7325,5.0002176976704504e-06,1.9998230121236882,4,-6.227136140068978e-08
1.7329999999999999,5.000274541089311e-06,1.9998956048060548,4,-1.1412328149162931e-07
1.7335,5.0002372518065386e-06,2.000376602890724,4,7.449098404777033e-08
1.734,5.000254077458521e-06,1.9997826690249503,4,-3.345486376815643e-08
1.7345,5.000302735425066e-06,1.999871808682508,4,-9.712604764899879e-08
1.7349999999999999,5.000260443921434e-06,2.0003626147374267,4,8.448252231119113e-08
1.7355,5.00027408634196e-06,1.9997744181999588,4,-2.7561418036725627e-08
1.736,5.000211331207538e-06,2.000305365380745,4,1.253749246643565e-07
1.7365,5.0002131501969416e-06,1.9997406500207071,4,-3.4412901417368857e-09
1.7369999999999999,5.000252713216469e-06,1.999847024036049,4,-7.942272617356139e-08
1.7375,5.00031501360354e-06,1.9999097680815638,4,-1.2423990369825333e-07
1.738,5.000280907552224e-06,2.0003849285314423,4,6.854410372625352e-08
1.7385,5.000190412829397e-06,2.000227047685827,4,1.813161389918605e-07
1.7389999999999999,5.000175860914169e-06,1.9996954963106541,4,2.881136040855381e-08
1.7395,5.000205874239327e-06,1.9998203904018486,4,-6.039870470431197e-08
1.74,5.000262262910837e-06,1.9998940584012508,4,-1.1301870728175345e-07
1.7405,5.000334567739628e-06,1.9999383630249206,4,-1.4466486675246415e-07
1.7409999999999999,5.000306373403873e-06,2.0004017375909022,4,5.65376296890463e-08
1.7415,5.000219061912503e-06,2.000236962406992,4,1.74234187966249e-07
1.742,5.000206328986678e-06,1.9997003029569878,4,2.5378041001999918e-08
1.7425,5.0002377065538894e-06,1.9998232255726487,4,-6.242382966092919e-08
1.7429999999999999,5.000295004720101e-06,1.9998957307114602,4,-1.1421321488569447e-07
1.7435,5.0002577154373284e-06,2.0003766769028926,4,7.443811966822977e-08
1.744,5.000274541089311e-06,1.999782712679372,4,-3.348604593611526e-08
1.7445,5.0002136049442925e-06,2.0003102411507694,4,1.218922278667378e-07
1.7449999999999999,5.000216333428398e-06,1.9997435259664131,4,-5.495537358513047e-09
1.7455,5.000256805942627e-06,1.9998487203948894,4,-8.063441470085309e-08
1.746,5.000319106329698e-06,1.9999107686712154,4,-1.2495461021444498e-07
1.7465,5.000285000278382e-06,2.0003855167109306,4,6.812397401745329e-08
1.7469999999999999,5.000194505555555e-06,2.000227394621056,4,1.810683158964821e-07
1.7475,5.000179953640327e-06,1.9996957002607652,4,2.8665681384154595e-08
1.748,5.000210421712836e-06,1.9998205107008538,4,-6.048463063734744e-08
1.7485,5.000266810384346e-06,1.999894129357286,4,-1.1306939029509522e-07
1.7489999999999999,5.000339115213137e-06,1.9999384043073565,4,-1.446943542759982e-07
1.7495,5.000310920877382e-06,2.0004017618581447,4,5.652029599900743e-08
1.75,5.000223609386012e-06,2.0002369767208292,4,1.7422397036170878e-07
1.7505,5.000210876460187e-06,1.99970031139453,4,2.5372013823243833e-08
1.751,5.000242254027398e-06,1.9998232305497776,4,-6.242738237460799e-08
1.7515,5.00029955219361e-06,1.9998957336452372,4,-1.142153038813376e-07
1.752,5.000262262910837e-06,2.000376678622057,4,7.443689042929691e-08
1.7525,5.00027908856282e-06,1.9997827136944475,4,-3.3486770689705736e-08
1.753,5.000218152417801e-06,2.0003102417472167,4,1.2189180154109636e-07
1.7535,5.000220880901907e-06,1.9997435263184626,4,-5.4957887130058225e-09
1.754,5.0002613534161355e-06,1.9998487206024538,4,-8.06345639148276e-08
1.7545,5.000323653803207e-06,1.9999107687944284,4,-1.2495469547957327e-07
1.755,5.0002895477518905e-06,2.000385516781097,4,6.812392427946179e-08
1.7555,5.000199053029064e-06,2.000227394662131,4,1.8106828747477266e-07
1.756,5.000184501113836e-06,1.999695700284154,4,2.86656636205862e-08
1.7565,5.000214969186345e-06,1.999820510715517,4,-6.048464484820215e-08
1.757,5.000271357857855e-06,1.9998941293690007,4,-1.1306939740052258e-07
1.7575,5.0002336138277315e-06,2.0003757355794685,4,7.511049204822484e-08
1.758,5.000249984732363e-06,1.999782157446857,4,-3.308945295543708e-08
1.7585,5.000298642698908e-06,1.9998715069330968,4,-9.691051161553332e-08
1.759,5.000256351195276e-06,2.0003624373585,4,8.460922629183187e-08
1.7595,5.000269993615802e-06,1.9997743135702128,4,-2.748668315177838e-08
1.76,5.000316832592944e-06,1.9998668802708293,4,-9.360575603523102e-08
1.7605,5.0002736315946095e-06,2.0003597176555172,4,8.655187144768206e-08
1.761,5.0001776799035724e-06,2.000212177208819,4,1.9193790024019108e-07
1.7615,5.000159944756888e-06,1.999686754957456,4,3.5055183644772114e-08
1.762,5.000188139092643e-06,1.9998152343696667,4,-5.6715823149033895e-08
1.7625,5.000243618269451e-06,1.9998910171467112,4,-1.1084637918656881e-07
1.763,5.000315468350891e-06,1.9999365936156852,4,-1.4340099596665823e-07
1.7635,5.000286819267785e-06,2.000400697467631,4,5.728057672627074e-08
1.764,5.000199507776415e-06,2.0002363488952666,4,1.746724080931017e-07
1.7645,5.00018677485059e-06,1.999699941083008,4,2.5636522238414727e-08
1.765,5.0002176976704504e-06,1.9998230121236882,4,-6.227136140068978e-08
1.7655,5.000274541089311e-06,1.9998956048060548,4,-1.1412328149162931e-07
1.766,5.0002372518065386e-06,2.000376602890724,4,7.449098404777033e-08
1.7665,5.000254077458521e-06,1.9997826690249503,4,-3.345486376815643e-08
1.767,5.000302735425066e-06,1.999871808682508,4,-9.712604764899879e-08
1.7675,5.000260443921434e-06,2.0003626147374267,4,8.448252231119113e-08
1.768,5.00027408634196e-06,1.9997744181999588,4,-2.7561418036725627e-08
1.7685,5.000211331207538e-06,2.000305365380745,4,1.253749246643565e-07
1.769,5.0002131501969416e-06,1.9997406500207071,4,-3.4412901417368857e-09
1.7695,5.000252713216469e-06,1.999847024036049,4,-7.942272617356139e-08
1.77,5.00031501360354e-06,1.9999097680815638,4,-1.2423990369825333e-07
1.7705,5.000280907552224e-06,2.0003849285314423,4,6.854410372625352e-08
1.771,5.000190412829397e-06,2.000227047685827,4,1.813161389918605e-07
1.7715,5.000175860914169e-06,1.9996954963106541,4,2.881136040855381e-08
1.772,5.000205874239327e-06,1.9998203904018486,4,-6.039870470431197e-08
1.7725,5.000262262910837e-06,1.9998940584012508,4,-1.1301870728175345e-07
1.773,5.000334567739628e-06,1.9999383630249206,4,-1.4466486675246415e-07
1.7735,5.000306373403873e-06,2.0004017375909022,4,5.65376296890463e-08
1.774,5.000219061912503e-06,2.000236962406992,4,1.74234187966249e-07
1.7745,5.000206328986678e-06,1.9997003029569878,4,2.5378041001999918e-08
1.775,5.0002377065538894e-06,1.9998232255726487,4,-6.242382966092919e-08
1.7755,5.000295004720101e-06,1.9998957307114602,4,-1.1421321488569447e-07
1.776,5.0002577154373284e-06,2.0003766769028926,4,7.443811966822977e-08
1.7765,5.000274541089311e-06,1.999782712679372,4,-3.348604593611526e-08
1.777,5.0002136049442925e-06,2.0003102411507694,4,1.218922278667378e-07
1.7775,5.000216333428398e-06,1.9997435259664131,4,-5.495537358513047e-09
1.778,5.000256805942627e-06,1.9998487203948894,4,-8.063441470085309e-08
1.7785,5.000319106329698e-06,1.9999107686712154,4,-1.2495461021444498e-07
1.779,5.000285000278382e-06,2.0003855167109306,4,6.812397401745329e-08
1.7795,5.000194505555555e-06,2.000227394621056,4,1.810683158964821e-07
1.78,5.000179953640327e-06,1.9996957002607652,4,2.8665681384154595e-08
1.7805,5.000210421712836e-06,1.9998205107008538,4,-6.048463063734744e-08
1.781,5.000266810384346e-06,1.999894129357286,4,-1.1306939029509522e-07
1.7815,5.000339115213137e-06,1.9999384043073565,4,-1.446943542759982e-07
1.782,5.000310920877382e-06,2.0004017618581447,4,5.652029599900743e-08
1.7825,5.000223609386012e-06,2.0002369767208292,4,1.7422397036170878e-07
1.783,5.000210876460187e-06,1.99970031139453,4,2.5372013823243833e-08
1.7835,5.000242254027398e-06,1.9998232305497776,4,-6.242738237460799e-08
1.784,5.00029955219361e-06,1.9998957336452372,4,-1.142153038813376e-07
1.7845,5.000262262910837e-06,2.000376678622057,4,7.443689042929691e-08
1.785,5.00027908856282e-06,1.9997827136944475,4,-3.3486770689705736e-08
1.7855,5.000218152417801e-06,2.0003102417472167,4,1.2189180154109636e-07
1.786,5.000220880901907e-06,1.9997435263184626,4,-5.4957887130058225e-09
1.7865,5.0002613534161355e-06,1.9998487206024538,4,-8.06345639148276e-08
1.787,5.000323653803207e-06,1.9999107687944284,4,-1.2495469547957327e-07
1.7875,5.0002895477518905e-06,2.000385516781097,4,6.812392427946179e-08
1.788,5.000199053029064e-06,2.000227394662131,4,1.8106828747477266e-07
1.7885,5.000184501113836e-06,1.999695700284154,4,2.86656636205862e-08
1.789,5.000214969186345e-06,1.999820510715517,4,-6.048464484820215e-08
1.7895,5.000271357857855e-06,1.9998941293690007,4,-1.1306939740052258e-07
1.79,5.0002336138277315e-06,2.0003757355794685,4,7.511049204822484e-08
1.7905,5.000249984732363e-06,1.999782157446857,4,-3.308945295543708e-08
1.791,5.000298642698908e-06,1.9998715069330968,4,-9.691051161553332e-08
1.7915,5.000256351195276e-06,2.0003624373585,4,8.460922629183187e-08
1.792,5.000269993615802e-06,1.9997743135702128,4,-2.748668315177838e-08
1.7925,5.000316832592944e-06,1.9998668802708293,4,-9.360575603523102e-08
1.793,5.0002736315946095e-06,2.0003597176555172,4,8.655187144768206e-08
1.7934999999999999,5.0001776799035724e-06,2.000212177208819,4,1.9193790024019108e-07
1.794,5.000159944756888e-06,1.999686754957456,4,3.5055183644772114e-08
1.7945,5.000188139092643e-06,1.9998152343696667,4,-5.6715823149033895e-08
1.795,5.000243618269451e-06,1.9998910171467112,4,-1.1084637918656881e-07
1.7954999999999999,5.000315468350891e-06,1.9999365936156852,4,-1.4340099596665823e-07
1.796,5.000286819267785e-06,2.000400697467631,4,5.728057672627074e-08
1.7965,5.000199507776415e-06,2.0002363488952666,4,1.746724080931017e-07
1.797,5.00018677485059e-06,1.999699941083008,4,2.5636522238414727e-08
1.7974999999999999,5.0002176976704504e-06,1.9998230121236882,4,-6.227136140068978e-08
1.798,5.000274541089311e-06,1.9998956048060548,4,-1.1412328149162931e-07
1.7985,5.0002372518065386e-06,2.000376602890724,4,7.449098404777033e-08
1.799,5.000254077458521e-06,1.9997826690249503,4,-3.345486376815643e-08
1.7994999999999999,5.000302735425066e-06,1.999871808682508,4,-9.712604764899879e-08
1.8,5.000260443921434e-06,2.0003626147374267,4,8.448252231119113e-08
1.8005,5.00027408634196e-06,1.9997744181999588,4,-2.7561418036725627e-08
1.801,5.000211331207538e-06,2.000305365380745,4,1.253749246643565e-07
1.8014999999999999,5.0002131501969416e-06,1.9997406500207071,4,-3.4412901417368857e-09
1.802,5.000252713216469e-06,1.999847024036049,4,-7.942272617356139e-08
1.8025,5.00031501360354e-06,1.9999097680815638,4,-1.2423990369825333e-07
1.803,5.000280907552224e-06,2.0003849285314423,4,6.854410372625352e-08
1.8034999999999999,5.000190412829397e-06,2.000227047685827,4,1.813161389918605e-07
1.804,5.000175860914169e-06,1.9996954963106541,4,2.881136040855381e-08
1.8045,5.000205874239327e-06,1.9998203904018486,4,-6.039870470431197e-08
1.805,5.000262262910837e-06,1.9998940584012508,4,-1.1301870728175345e-07
1.8054999999999999,5.000334567739628e-06,1.9999383630249206,4,-1.4466486675246415e-07
1.806,5.000306373403873e-06,2.0004017375909022,4,5.65376296890463e-08
1.8065,5.000219061912503e-06,2.000236962406992,4,1.74234187966249e-07
1.807,5.000206328986678e-06,1.9997003029569878,4,2.5378041001999918e-08
1.8074999999999999,5.0002377065538894e-06,1.9998232255726487,4,-6.242382966092919e-08
1.808,5.000295004720101e-06,1.9998957307114602,4,-1.1421321488569447e-07
1.8085,5.0002577154373284e-06,2.0003766769028926,4,7.443811966822977e-08
1.809,5.000274541089311e-06,1.999782712679372,4,-3.348604593611526e-08
1.8094999999999999,5.0002136049442925e-06,2.0003102411507694,4,1.218922278667378e-07
1.81,5.000216333428398e-06,1.9997435259664131,4,-5.495537358513047e-09
1.8105,5.000256805942627e-06,1.9998487203948894,4,-8.063441470085309e-08
1.811,5.000319106329698e-06,1.9999107686712154,4,-1.2495461021444498e-07
1.8114999999999999,5.000285000278382e-06,2.0003855167109306,4,6.812397401745329e-08
1.812,5.000194505555555e-06,2.000227394621056,4,1.810683158964821e-07
1.8125,5.000179953640327e-06,1.9996957002607652,4,2.8665681384154595e-08
1.813,5.000210421712836e-06,1.9998205107008538,4,-6.048463063734744e-08
1.8135,5.000266810384346e-06,1.999894129357286,4,-1.1306939029509522e-07
1.814,5.000339115213137e-06,1.9999384043073565,4,-1.446943542759982e-07
1.8145,5.000310920877382e-06,2.0004017618581447,4,5.652029599900743e-08
1.815,5.000223609386012e-06,2.0002369767208292,4,1.7422397036170878e-07
1.8155,5.000210876460187e-06,1.99970031139453,4,2.5372013823243833e-08
1.816,5.000242254027398e-06,1.9998232305497776,4,-6.242738237460799e-08
1.8165,5.00029955219361e-06,1.9998957336452372,4,-1.142153038813376e-07
1.817,5.000262262910837e-06,2.000376678622057,4,7.443689042929691e-08
1.8175,5.00027908856282e-06,1.9997827136944475,4,-3.3486770689705736e-08
1.818,5.000218152417801e-06,2.0003102417472167,4,1.2189180154109636e-07
1.8185,5.000220880901907e-06,1.9997435263184626,4,-5.4957887130058225e-09
1.819,5.0002613534161355e-06,1.9998487206024538,4,-8.06345639148276e-08
1.8195,5.000323653803207e-06,1.9999107687944284,4,-1.2495469547957327e-07
1.82,5.0002895477518905e-06,2.000385516781097,4,6.812392427946179e-08
1.8205,5.000199053029064e-06,2.000227394662131,4,1.8106828747477266e-07
1.821,5.000184501113836e-06,1.999695700284154,4,2.86656636205862e-08
1.8215,5.000214969186345e-06,1.999820510715517,4,-6.048464484820215e-08
1.822,5.000271357857855e-06,1.9998941293690007,4,-1.1306939740052258e-07
1.8225,5.0002336138277315e-06,2.0003757355794685,4,7.511049204822484e-08
1.823,5.000249984732363e-06,1.999782157446857,4,-3.308945295543708e-08
1.8235,5.000298642698908e-06,1.9998715069330968,4,-9.691051161553332e-08
1.824,5.000256351195276e-06,2.0003624373585,4,8.460922629183187e-08
1.8245,5.000269993615802e-06,1.9997743135702128,4,-2.748668315177838e-08
1.825,5.000316832592944e-06,1.9998668802708293,4,-9.360575603523102e-08
1.8255,5.0002736315946095e-06,2.0003597176555172,4,8.655187144768206e-08
1.826,5.0001776799035724e-06,2.000212177208819,4,1.9193790024019108e-07
1.8265,5.000159944756888e-06,1.999686754957456,4,3.5055183644772114e-08
1.827,5.000188139092643e-06,1.9998152343696667,4,-5.6715823149033895e-08
1.8275,5.000243618269451e-06,1.9998910171467112,4,-1.1084637918656881e-07
1.828,5.000315468350891e-06,1.9999365936156852,4,-1.4340099596665823e-07
1.8285,5.000286819267785e-06,2.000400697467631,4,5.728057672627074e-08
1.829,5.000199507776415e-06,2.0002363488952666,4,1.746724080931017e-07
1.8295,5.00018677485059e-06,1.999699941083008,4,2.5636522238414727e-08
1.83,5.0002176976704504e-06,1.9998230121236882,4,-6.227136140068978e-08
1.8305,5.000274541089311e-06,1.9998956048060548,4,-1.1412328149162931e-07
1.831,5.0002372518065386e-06,2.000376602890724,4,7.449098404777033e-08
1.8315,5.000254077458521e-06,1.9997826690249503,4,-3.345486376815643e-08
1.832,5.000302735425066e-06,1.999871808682508,4,-9.712604764899879e-08
1.8325,5.000260443921434e-06,2.0003626147374267,4,8.448252231119113e-08
1.833,5.00027408634196e-06,1.9997744181999588,4,-2.7561418036725627e-08
1.8335,5.000211331207538e-06,2.000305365380745,4,1.253749246643565e-07
1.834,5.0002131501969416e-06,1.9997406500207071,4,-3.4412901417368857e-09
1.8345,5.000252713216469e-06,1.999847024036049,4,-7.942272617356139e-08
1.835,5.00031501360354e-06,1.9999097680815638,4,-1.2423990369825333e-07
1.8355,5.000280907552224e-06,2.0003849285314423,4,6.854410372625352e-08
1.836,5.000190412829397e-06,2.000227047685827,4,1.813161389918605e-07
1.8365,5.000175860914169e-06,1.9996954963106541,4,2.881136040855381e-08
1.837,5.000205874239327e-06,1.9998203904018486,4,-6.039870470431197e-08
1.8375,5.000262262910837e-06,1.9998940584012508,4,-1.1301870728175345e-07
1.838,5.000334567739628e-06,1.9999383630249206,4,-1.4466486675246415e-07
1.8385,5.000306373403873e-06,2.0004017375909022,4,5.65376296890463e-08
1.839,5.000219061912503e-06,2.000236962406992,4,1.74234187966249e-07
1.8395,5.000206328986678e-06,1.9997003029569878,4,2.5378041001999918e-08
1.84,5.0002377065538894e-06,1.9998232255726487,4,-6.242382966092919e-08
1.8405,5.000295004720101e-06,1.9998957307114602,4,-1.1421321488569447e-07
1.841,5.0002577154373284e-06,2.0003766769028926,4,7.443811966822977e-08
1.8415,5.000274541089311e-06,1.999782712679372,4,-3.348604593611526e-08
1.842,5.0002136049442925e-06,2.0003102411507694,4,1.218922278667378e-07
1.8425,5.000216333428398e-06,1.9997435259664131,4,-5.495537358513047e-09
1.843,5.000256805942627e-06,1.9998487203948894,4,-8.063441470085309e-08
1.8435,5.000319106329698e-06,1.9999107686712154,4,-1.2495461021444498e-07
1.844,5.000285000278382e-06,2.0003855167109306,4,6.812397401745329e-08
1.8445,5.000194505555555e-06,2.000227394621056,4,1.810683158964821e-07
1.845,5.000179953640327e-06,1.9996957002607652,4,2.8665681384154595e-08
1.8455,5.000210421712836e-06,1.9998205107008538,4,-6.048463063734744e-08
1.846,5.000266810384346e-06,1.999894129357286,4,-1.1306939029509522e-07
1.8465,5.000339115213137e-06,1.9999384043073565,4,-1.446943542759982e-07
1.847,5.000310920877382e-06,2.0004017618581447,4,5.652029599900743e-08
1.8475,5.000223609386012e-06,2.0002369767208292,4,1.7422397036170878e-07
1.848,5.000210876460187e-06,1.99970031139453,4,2.5372013823243833e-08
1.8485,5.000242254027398e-06,1.9998232305497776,4,-6.242738237460799e-08
1.849,5.00029955219361e-06,1.9998957336452372,4,-1.142153038813376e-07
1.8495,5.000262262910837e-06,2.000376678622057,4,7.443689042929691e-08
1.85,5.00027908856282e-06,1.9997827136944475,4,-3.3486770689705736e-08
1.8505,5.000218152417801e-06,2.0003102417472167,4,1.2189180154109636e-07
1.851,5.000220880901907e-06,1.9997435263184626,4,-5.4957887130058225e-09
1.8515,5.0002613534161355e-06,1.9998487206024538,4,-8.06345639148276e-08
1.852,5.000323653803207e-06,1.9999107687944284,4,-1.2495469547957327e-07
1.8525,5.0002895477518905e-06,2.000385516781097,4,6.812392427946179e-08
1.853,5.000199053029064e-06,2.000227394662131,4,1.8106828747477266e-07
1.8535,5.000184501113836e-06,1.999695700284154,4,2.86656636205862e-08
1.854,5.000214969186345e-06,1.999820510715517,4,-6.048464484820215e-08
1.8545,5.000271357857855e-06,1.9998941293690007,4,-1.1306939740052258e-07
1.855,5.0002336138277315e-06,2.0003757355794685,4,7.511049204822484e-08
1.8555,5.000249984732363e-06,1.999782157446857,4,-3.308945295543708e-08
1.856,5.000298642698908e-06,1.9998715069330968,4,-9.691051161553332e-08
1.8565,5.000256351195276e-06,2.0003624373585,4,8.460922629183187e-08
1.857,5.000269993615802e-06,1.9997743135702128,4,-2.748668315177838e-08
1.8575,5.000316832592944e-06,1.9998668802708293,4,-9.360575603523102e-08
1.8579999999999999,5.0002736315946095e-06,2.0003597176555172,4,8.655187144768206e-08
1.8585,5.0001776799035724e-06,2.000212177208819,4,1.9193790024019108e-07
1.859,5.000159944756888e-06,1.999686754957456,4,3.5055183644772114e-08
1.8595,5.000188139092643e-06,1.9998152343696667,4,-5.6715823149033895e-08
1.8599999999999999,5.000243618269451e-06,1.9998910171467112,4,-1.1084637918656881e-07
1.8605,5.000315468350891e-06,1.9999365936156852,4,-1.4340099596665823e-07
1.861,5.000286819267785e-06,2.000400697467631,4,5.728057672627074e-08
1.8615,5.000199507776415e-06,2.0002363488952666,4,1.746724080931017e-07
1.8619999999999999,5.00018677485059e-06,1.999699941083008,4,2.5636522238414727e-08
1.8625,5.0002176976704504e-06,1.9998230121236882,4,-6.227136140068978e-08
1.863,5.000274541089311e-06,1.9998956048060548,4,-1.1412328149162931e-07
1.8635,5.0002372518065386e-06,2.000376602890724,4,7.449098404777033e-08
1.8639999999999999,5.000254077458521e-06,1.9997826690249503,4,-3.345486376815643e-08
1.8645,5.000302735425066e-06,1.999871808682508,4,-9.712604764899879e-08
1.865,5.000260443921434e-06,2.0003626147374267,4,8.448252231119113e-08
1.8655,5.00027408634196e-06,1.9997744181999588,4,-2.7561418036725627e-08
1.8659999999999999,5.000211331207538e-06,2.000305365380745,4,1.253749246643565e-07
1.8665,5.0002131501969416e-06,1.9997406500207071,4,-3.4412901417368857e-09
1.867,5.000252713216469e-06,1.999847024036049,4,-7.942272617356139e-08
1.8675,5.00031501360354e-06,1.9999097680815638,4,-1.2423990369825333e-07
1.8679999999999999,5.000280907552224e-06,2.0003849285314423,4,6.854410372625352e-08
1.8685,5.000190412829397e-06,2.000227047685827,4,1.813161389918605e-07
1.869,5.000175860914169e-06,1.9996954963106541,4,2.881136040855381e-08
1.8695,5.000205874239327e-06,1.9998203904018486,4,-6.039870470431197e-08
1.8699999999999999,5.000262262910837e-06,1.9998940584012508,4,-1.1301870728175345e-07
1.8705,5.000334567739628e-06,1.9999383630249206,4,-1.4466486675246415e-07
1.871,5.000306373403873e-06,2.0004017375909022,4,5.65376296890463e-08
1.8715,5.000219061912503e-06,2.000236962406992,4,1.74234187966249e-07
1.8719999999999999,5.000206328986678e-06,1.9997003029569878,4,2.5378041001999918e-08
1.8725,5.0002377065538894e-06,1.9998232255726487,4,-6.242382966092919e-08
1.873,5.000295004720101e-06,1.9998957307114602,4,-1.1421321488569447e-07
1.8735,5.0002577154373284e-06,2.0003766769028926,4,7.443811966822977e-08
1.8739999999999999,5.000274541089311e-06,1.999782712679372,4,-3.348604593611526e-08
1.8745,5.0002136049442925e-06,2.0003102411507694,4,1.218922278667378e-07
1.875,5.000216333428398e-06,1.9997435259664131,4,-5.495537358513047e-09
1.8755,5.000256805942627e-06,1.9998487203948894,4,-8.063441470085309e-08
1.876,5.000319106329698e-06,1.9999107686712154,4,-1.2495461021444498e-07
1.8765,5.000285000278382e-06,2.0003855167109306,4,6.812397401745329e-08
1.877,5.000194505555555e-06,2.000227394621056,4,1.810683158964821e-07
1.8775,5.000179953640327e-06,1.9996957002607652,4,2.8665681384154595e-08
1.878,5.000210421712836e-06,1.9998205107008538,4,-6.048463063734744e-08
1.8785,5.000266810384346e-06,1.999894129357286,4,-1.1306939029509522e-07
1.879,5.000339115213137e-06,1.9999384043073565,4,-1.446943542759982e-07
1.8795,5.000310920877382e-06,2.0004017618581447,4,5.652029599900743e-08
1.88,5.000223609386012e-06,2.0002369767208292,4,1.7422397036170878e-07
1.8805,5.000210876460187e-06,1.99970031139453,4,2.5372013823243833e-08
1.881,5.000242254027398e-06,1.9998232305497776,4,-6.242738237460799e-08
1.8815,5.00029955219361e-06,1.9998957336452372,4,-1.142153038813376e-07
1.882,5.000262262910837e-06,2.000376678622057,4,7.443689042929691e-08
1.8825,5.00027908856282e-06,1.9997827136944475,4,-3.3486770689705736e-08
1.883,5.000218152417801e-06,2.0003102417472167,4,1.2189180154109636e-07
1.8835,5.000220880901907e-06,1.9997435263184626,4,-5.4957887130058225e-09
1.884,5.0002613534161355e-06,1.9998487206024538,4,-8.06345639148276e-08
1.8845,5.000323653803207e-06,1.9999107687944284,4,-1.2495469547957327e-07
1.885,5.0002895477518905e-06,2.000385516781097,4,6.812392427946179e-08
1.8855,5.000199053029064e-06,2.000227394662131,4,1.8106828747477266e-07
1.886,5.000184501113836e-06,1.999695700284154,4,2.86656636205862e-08
1.8865,5.000214969186345e-06,1.999820510715517,4,-6.048464484820215e-08
1.887,5.000271357857855e-06,1.9998941293690007,4,-1.1306939740052258e-07
1.8875,5.0002336138277315e-06,2.0003757355794685,4,7.511049204822484e-08
1.888,5.000249984732363e-06,1.999782157446857,4,-3.308945295543708e-08
1.8885,5.000298642698908e-06,1.9998715069330968,4,-9.691051161553332e-08
1.889,5.000256351195276e-06,2.0003624373585,4,8.460922629183187e-08
1.8895,5.000269993615802e-06,1.9997743135702128,4,-2.748668315177838e-08
1.89,5.000316832592944e-06,1.9998668802708293,4,-9.360575603523102e-08
1.8905,5.0002736315946095e-06,2.0003597176555172,4,8.655187144768206e-08
1.891,5.0001776799035724e-06,2.000212177208819,4,1.9193790024019108e-07
1.8915,5.000159944756888e-06,1.999686754957456,4,3.5055183644772114e-08
1.892,5.000188139092643e-06,1.9998152343696667,4,-5.6715823149033895e-08
1.8925,5.000243618269451e-06,1.9998910171467112,4,-1.1084637918656881e-07
1.893,5.000315468350891e-06,1.9999365936156852,4,-1.4340099596665823e-07
1.8935,5.000286819267785e-06,2.000400697467631,4,5.728057672627074e-08
1.894,5.000199507776415e-06,2.0002363488952666,4,1.746724080931017e-07
1.8945,5.00018677485059e-06,1.999699941083008,4,2.5636522238414727e-08
1.895,5.0002176976704504e-06,1.9998230121236882,4,-6.227136140068978e-08
1.8955,5.000274541089311e-06,1.9998956048060548,4,-1.1412328149162931e-07
1.896,5.0002372518065386e-06,2.000376602890724,4,7.449098404777033e-08
1.8965,5.000254077458521e-06,1.9997826690249503,4,-3.345486376815643e-08
1.897,5.000302735425066e-06,1.999871808682508,4,-9.712604764899879e-08
1.8975,5.000260443921434e-06,2.0003626147374267,4,8.448252231119113e-08
1.898,5.00027408634196e-06,1.9997744181999588,4,-2.7561418036725627e-08
1.8985,5.000211331207538e-06,2.000305365380745,4,1.253749246643565e-07
1.899,5.0002131501969416e-06,1.9997406500207071,4,-3.4412901417368857e-09
1.8995,5.000252713216469e-06,1.999847024036049,4,-7.942272617356139e-08
1.9,5.00031501360354e-06,1.9999097680815638,4,-1.2423990369825333e-07
1.9005,5.000280907552224e-06,2.0003849285314423,4,6.854410372625352e-08
1.901,5.000190412829397e-06,2.000227047685827,4,1.813161389918605e-07
1.9015,5.000175860914169e-06,1.9996954963106541,4,2.881136040855381e-08
1.902,5.000205874239327e-06,1.9998203904018486,4,-6.039870470431197e-08
1.9025,5.000262262910837e-06,1.9998940584012508,4,-1.1301870728175345e-07
1.903,5.000334567739628e-06,1.9999383630249206,4,-1.4466486675246415e-07
1.9035,5.000306373403873e-06,2.0004017375909022,4,5.65376296890463e-08
1.904,5.000219061912503e-06,2.000236962406992,4,1.74234187966249e-07
1.9045,5.000206328986678e-06,1.9997003029569878,4,2.5378041001999918e-08
1.905,5.0002377065538894e-06,1.9998232255726487,4,-6.242382966092919e-08
1.9055,5.000295004720101e-06,1.9998957307114602,4,-1.1421321488569447e-07
1.906,5.0002577154373284e-06,2.0003766769028926,4,7.443811966822977e-08
1.9065,5.000274541089311e-06,1.999782712679372,4,-3.348604593611526e-08
1.907,5.0002136049442925e-06,2.0003102411507694,4,1.218922278667378e-07
1.9075,5.000216333428398e-06,1.9997435259664131,4,-5.495537358513047e-09
1.908,5.000256805942627e-06,1.9998487203948894,4,-8.063441470085309e-08
1.9085,5.000319106329698e-06,1.9999107686712154,4,-1.2495461021444498e-07
1.909,5.000285000278382e-06,2.0003855167109306,4,6.812397401745329e-08
1.9095,5.000194505555555e-06,2.000227394621056,4,1.810683158964821e-07
1.91,5.000179953640327e-06,1.9996957002607652,4,2.8665681384154595e-08
1.9105,5.000210421712836e-06,1.9998205107008538,4,-6.048463063734744e-08
1.911,5.000266810384346e-06,1.999894129357286,4,-1.1306939029509522e-07
1.9115,5.000339115213137e-06,1.9999384043073565,4,-1.446943542759982e-07
1.912,5.000310920877382e-06,2.0004017618581447,4,5.652029599900743e-08
1.9125,5.000223609386012e-06,2.0002369767208292,4,1.7422397036170878e-07
1.913,5.000210876460187e-06,1.99970031139453,4,2.5372013823243833e-08
1.9135,5.000242254027398e-06,1.9998232305497776,4,-6.242738237460799e-08
1.914,5.00029955219361e-06,1.9998957336452372,4,-1.142153038813376e-07
1.9145,5.000262262910837e-06,2.000376678622057,4,7.443689042929691e-08
1.915,5.00027908856282e-06,1.9997827136944475,4,-3.3486770689705736e-08
1.9155,5.000218152417801e-06,2.0003102417472167,4,1.2189180154109636e-07
1.916,5.000220880901907e-06,1.9997435263184626,4,-5.4957887130058225e-09
1.9165,5.0002613534161355e-06,1.9998487206024538,4,-8.06345639148276e-08
1.917,5.000323653803207e-06,1.9999107687944284,4,-1.2495469547957327e-07
1.9175,5.0002895477518905e-06,2.000385516781097,4,6.812392427946179e-08
1.918,5.000199053029064e-06,2.000227394662131,4,1.8106828747477266e-07
1.9185,5.000184501113836e-06,1.999695700284154,4,2.86656636205862e-08
1.919,5.000214969186345e-06,1.999820510715517,4,-6.048464484820215e-08
1.9195,5.000271357857855e-06,1.9998941293690007,4,-1.1306939740052258e-07
1.92,5.0002336138277315e-06,2.0003757355794685,4,7.511049204822484e-08
1.9204999999999999,5.000249984732363e-06,1.999782157446857,4,-3.308945295543708e-08
1.921,5.000298642698908e-06,1.9998715069330968,4,-9.691051161553332e-08
1.9215,5.000256351195276e-06,2.0003624373585,4,8.460922629183187e-08
1.922,5.000269993615802e-06,1.9997743135702128,4,-2.748668315177838e-08
1.9224999999999999,5.000316832592944e-06,1.9998668802708293,4,-9.360575603523102e-08
1.923,5.0002736315946095e-06,2.0003597176555172,4,8.655187144768206e-08
1.9235,5.0001776799035724e-06,2.000212177208819,4,1.9193790024019108e-07
1.924,5.000159944756888e-06,1.999686754957456,4,3.5055183644772114e-08
1.9244999999999999,5.000188139092643e-06,1.9998152343696667,4,-5.6715823149033895e-08
1.925,5.000243618269451e-06,1.9998910171467112,4,-1.1084637918656881e-07
1.9255,5.000315468350891e-06,1.9999365936156852,4,-1.4340099596665823e-07
1.926,5.000286819267785e-06,2.000400697467631,4,5.728057672627074e-08
1.9264999999999999,5.000199507776415e-06,2.0002363488952666,4,1.746724080931017e-07
1.927,5.00018677485059e-06,1.999699941083008,4,2.5636522238414727e-08
1.9275,5.0002176976704504e-06,1.9998230121236882,4,-6.227136140068978e-08
1.928,5.000274541089311e-06,1.9998956048060548,4,-1.1412328149162931e-07
1.9284999999999999,5.0002372518065386e-06,2.000376602890724,4,7.449098404777033e-08
1.929,5.000254077458521e-06,1.9997826690249503,4,-3.345486376815643e-08
1.9295,5.000302735425066e-06,1.999871808682508,4,-9.712604764899879e-08
1.93,5.000260443921434e-06,2.0003626147374267,4,8.448252231119113e-08
1.9304999999999999,5.00027408634196e-06,1.9997744181999588,4,-2.7561418036725627e-08
1.931,5.000211331207538e-06,2.000305365380745,4,1.253749246643565e-07
1.9315,5.0002131501969416e-06,1.9997406500207071,4,-3.4412901417368857e-09
1.932,5.000252713216469e-06,1.999847024036049,4,-7.942272617356139e-08
1.9324999999999999,5.00031501360354e-06,1.9999097680815638,4,-1.2423990369825333e-07
1.933,5.000280907552224e-06,2.0003849285314423,4,6.854410372625352e-08
1.9335,5.000190412829397e-06,2.000227047685827,4,1.813161389918605e-07
1.934,5.000175860914169e-06,1.9996954963106541,4,2.881136040855381e-08
1.9344999999999999,5.000205874239327e-06,1.9998203904018486,4,-6.039870470431197e-08
1.935,5.000262262910837e-06,1.9998940584012508,4,-1.1301870728175345e-07
1.9355,5.000334567739628e-06,1.9999383630249206,4,-1.4466486675246415e-07
1.936,5.000306373403873e-06,2.0004017375909022,4,5.65376296890463e-08
1.9364999999999999,5.000219061912503e-06,2.000236962406992,4,1.74234187966249e-07
1.937,5.000206328986678e-06,1.9997003029569878,4,2.5378041001999918e-08
1.9375,5.0002377065538894e-06,1.9998232255726487,4,-6.242382966092919e-08
1.938,5.000295004720101e-06,1.9998957307114602,4,-1.1421321488569447e-07
1.9385,5.0002577154373284e-06,2.0003766769028926,4,7.443811966822977e-08
1.939,5.000274541089311e-06,1.999782712679372,4,-3.348604593611526e-08
1.9395,5.0002136049442925e-06,2.0003102411507694,4,1.218922278667378e-07
1.94,5.000216333428398e-06,1.9997435259664131,4,-5.495537358513047e-09
1.9405,5.000256805942627e-06,1.9998487203948894,4,-8.063441470085309e-08
1.941,5.000319106329698e-06,1.9999107686712154,4,-1.2495461021444498e-07
1.9415,5.000285000278382e-06,2.0003855167109306,4,6.812397401745329e-08
1.942,5.000194505555555e-06,2.000227394621056,4,1.810683158964821e-07
1.9425,5.000179953640327e-06,1.9996957002607652,4,2.8665681384154595e-08
1.943,5.000210421712836e-06,1.9998205107008538,4,-6.048463063734744e-08
1.9435,5.000266810384346e-06,1.999894129357286,4,-1.1306939029509522e-07
1.944,5.000339115213137e-06,1.9999384043073565,4,-1.446943542759982e-07
1.9445,5.000310920877382e-06,2.0004017618581447,4,5.652029599900743e-08
1.945,5.000223609386012e-06,2.0002369767208292,4,1.7422397036170878e-07
1.9455,5.000210876460187e-06,1.99970031139453,4,2.5372013823243833e-08
1.946,5.000242254027398e-06,1.9998232305497776,4,-6.242738237460799e-08
1.9465,5.00029955219361e-06,1.9998957336452372,4,-1.142153038813376e-07
1.947,5.000262262910837e-06,2.000376678622057,4,7.443689042929691e-08
1.9475,5.00027908856282e-06,1.9997827136944475,4,-3.3486770689705736e-08
1.948,5.000218152417801e-06,2.0003102417472167,4,1.2189180154109636e-07
1.9485,5.000220880901907e-06,1.9997435263184626,4,-5.4957887130058225e-09
1.949,5.0002613534161355e-06,1.9998487206024538,4,-8.06345639148276e-08
1.9495,5.000323653803207e-06,1.9999107687944284,4,-1.2495469547957327e-07
1.95,5.0002895477518905e-06,2.000385516781097,4,6.812392427946179e-08
1.9505,5.000199053029064e-06,2.000227394662131,4,1.8106828747477266e-07
1.951,5.000184501113836e-06,1.999695700284154,4,2.86656636205862e-08
1.9515,5.000214969186345e-06,1.999820510715517,4,-6.048464484820215e-08
1.952,5.000271357857855e-06,1.9998941293690007,4,-1.1306939740052258e-07
1.9525,5.0002336138277315e-06,2.0003757355794685,4,7.511049204822484e-08
1.953,5.000249984732363e-06,1.999782157446857,4,-3.308945295543708e-08
1.9535,5.000298642698908e-06,1.9998715069330968,4,-9.691051161553332e-08
1.954,5.000256351195276e-06,2.0003624373585,4,8.460922629183187e-08
1.9545,5.000269993615802e-06,1.9997743135702128,4,-2.748668315177838e-08
1.955,5.000316832592944e-06,1.9998668802708293,4,-9.360575603523102e-08
1.9555,5.0002736315946095e-06,2.0003597176555172,4,8.655187144768206e-08
1.956,5.0001776799035724e-06,2.000212177208819,4,1.9193790024019108e-07
1.9565,5.000159944756888e-06,1.999686754957456,4,3.5055183644772114e-08
1.957,5.000188139092643e-06,1.9998152343696667,4,-5.6715823149033895e-08
1.9575,5.000243618269451e-06,1.9998910171467112,4,-1.1084637918656881e-07
1.958,5.000315468350891e-06,1.9999365936156852,4,-1.4340099596665823e-07
1.9585,5.000286819267785e-06,2.000400697467631,4,5.728057672627074e-08
1.959,5.000199507776415e-06,2.0002363488952666,4,1.746724080931017e-07
1.9595,5.00018677485059e-06,1.999699941083008,4,2.5636522238414727e-08
1.96,5.0002176976704504e-06,1.9998230121236882,4,-6.227136140068978e-08
1.9605,5.000274541089311e-06,1.9998956048060548,4,-1.1412328149162931e-07
1.961,5.0002372518065386e-06,2.000376602890724,4,7.449098404777033e-08
1.9615,5.000254077458521e-06,1.9997826690249503,4,-3.345486376815643e-08
1.962,5.000302735425066e-06,1.999871808682508,4,-9.712604764899879e-08
1.9625,5.000260443921434e-06,2.0003626147374267,4,8.448252231119113e-08
1.963,5.00027408634196e-06,1.9997744181999588,4,-2.7561418036725627e-08
1.9635,5.000211331207538e-06,2.000305365380745,4,1.253749246643565e-07
1.964,5.0002131501969416e-06,1.9997406500207071,4,-3.4412901417368857e-09
1.9645,5.000252713216469e-06,1.999847024036049,4,-7.942272617356139e-08
1.965,5.00031501360354e-06,1.9999097680815638,4,-1.2423990369825333e-07
1.9655,5.000280907552224e-06,2.0003849285314423,4,6.854410372625352e-08
1.966,5.000190412829397e-06,2.000227047685827,4,1.813161389918605e-07
1.9665,5.000175860914169e-06,1.9996954963106541,4,2.881136040855381e-08
1.967,5.000205874239327e-06,1.9998203904018486,4,-6.039870470431197e-08
1.9675,5.000262262910837e-06,1.9998940584012508,4,-1.1301870728175345e-07
1.968,5.000334567739628e-06,1.9999383630249206,4,-1.4466486675246415e-07
1.9685,5.000306373403873e-06,2.0004017375909022,4,5.65376296890463e-08
1.969,5.000219061912503e-06,2.000236962406992,4,1.74234187966249e-07
1.9695,5.000206328986678e-06,1.9997003029569878,4,2.5378041001999918e-08
1.97,5.0002377065538894e-06,1.9998232255726487,4,-6.242382966092919e-08
1.9705,5.000295004720101e-06,1.9998957307114602,4,-1.1421321488569447e-07
1.971,5.0002577154373284e-06,2.0003766769028926,4,7.443811966822977e-08
1.9715,5.000274541089311e-06,1.999782712679372,4,-3.348604593611526e-08
1.972,5.0002136049442925e-06,2.0003102411507694,4,1.218922278667378e-07
1.9725,5.000216333428398e-06,1.9997435259664131,4,-5.495537358513047e-09
1.973,5.000256805942627e-06,1.9998487203948894,4,-8.063441470085309e-08
1.9735,5.000319106329698e-06,1.9999107686712154,4,-1.2495461021444498e-07
1.974,5.000285000278382e-06,2.0003855167109306,4,6.812397401745329e-08
1.9745,5.000194505555555e-06,2.000227394621056,4,1.810683158964821e-07
1.975,5.000179953640327e-06,1.9996957002607652,4,2.8665681384154595e-08
1.9755,5.000210421712836e-06,1.9998205107008538,4,-6.048463063734744e-08
1.976,5.000266810384346e-06,1.999894129357286,4,-1.1306939029509522e-07
1.9765,5.000339115213137e-06,1.9999384043073565,4,-1.446943542759982e-07
1.977,5.000310920877382e-06,2.0004017618581447,4,5.652029599900743e-08
1.9775,5.000223609386012e-06,2.0002369767208292,4,1.7422397036170878e-07
1.978,5.000210876460187e-06,1.99970031139453,4,2.5372013823243833e-08
1.9785,5.000242254027398e-06,1.9998232305497776,4,-6.242738237460799e-08
1.979,5.00029955219361e-06,1.9998957336452372,4,-1.142153038813376e-07
1.9795,5.000262262910837e-06,2.000376678622057,4,7.443689042929691e-08
1.98,5.00027908856282e-06,1.9997827136944475,4,-3.3486770689705736e-08
1.9805,5.000218152417801e-06,2.0003102417472167,4,1.2189180154109636e-07
1.981,5.000220880901907e-06,1.9997435263184626,4,-5.4957887130058225e-09
1.9815,5.0002613534161355e-06,1.9998487206024538,4,-8.06345639148276e-08
1.982,5.000323653803207e-06,1.9999107687944284,4,-1.2495469547957327e-07
1.9825,5.0002895477518905e-06,2.000385516781097,4,6.812392427946179e-08
1.983,5.000199053029064e-06,2.000227394662131,4,1.8106828747477266e-07
1.9835,5.000184501113836e-06,1.999695700284154,4,2.86656636205862e-08
1.984,5.000214969186345e-06,1.999820510715517,4,-6.048464484820215e-08
1.9845,5.000271357857855e-06,1.9998941293690007,4,-1.1306939740052258e-07
1.9849999999999999,5.0002336138277315e-06,2.0003757355794685,4,7.511049204822484e-08
1.9855,5.000249984732363e-06,1.999782157446857,4,-3.308945295543708e-08
1.986,5.000298642698908e-06,1.9998715069330968,4,-9.691051161553332e-08
1.9865,5.000256351195276e-06,2.0003624373585,4,8.460922629183187e-08
1.9869999999999999,5.000269993615802e-06,1.9997743135702128,4,-2.748668315177838e-08
1.9875,5.000316832592944e-06,1.9998668802708293,4,-9.360575603523102e-08
1.988,5.0002736315946095e-06,2.0003597176555172,4,8.655187144768206e-08
1.9885,5.0001776799035724e-06,2.000212177208819,4,1.9193790024019108e-07
1.9889999999999999,5.000159944756888e-06,1.999686754957456,4,3.5055183644772114e-08
1.9895,5.000188139092643e-06,1.9998152343696667,4,-5.6715823149033895e-08
1.99,5.000243618269451e-06,1.9998910171467112,4,-1.1084637918656881e-07
1.9905,5.000315468350891e-06,1.9999365936156852,4,-1.4340099596665823e-07
1.9909999999999999,5.000286819267785e-06,2.000400697467631,4,5.728057672627074e-08
1.9915,5.000199507776415e-06,2.0002363488952666,4,1.746724080931017e-07
1.992,5.00018677485059e-06,1.999699941083008,4,2.5636522238414727e-08
1.9925,5.0002176976704504e-06,1.9998230121236882,4,-6.227136140068978e-08
1.9929999999999999,5.000274541089311e-06,1.9998956048060548,4,-1.1412328149162931e-07
1.9935,5.0002372518065386e-06,2.000376602890724,4,7.449098404777033e-08
1.994,5.000254077458521e-06,1.9997826690249503,4,-3.345486376815643e-08
1.9945,5.000302735425066e-06,1.999871808682508,4,-9.712604764899879e-08
1.9949999999999999,5.000260443921434e-06,2.0003626147374267,4,8.448252231119113e-08
1.9955,5.00027408634196e-06,1.9997744181999588,4,-2.7561418036725627e-08
1.996,5.000211331207538e-06,2.000305365380745,4,1.253749246643565e-07
1.9965,5.0002131501969416e-06,1.9997406500207071,4,-3.4412901417368857e-09
1.9969999999999999,5.000252713216469e-06,1.999847024036049,4,-7.942272617356139e-08
1.9975,5.00031501360354e-06,1.9999097680815638,4,-1.2423990369825333e-07
1.998,5.000280907552224e-06,2.0003849285314423,4,6.854410372625352e-08
1.9985,5.000190412829397e-06,2.000227047685827,4,1.813161389918605e-07
1.9989999999999999,5.000175860914169e-06,1.9996954963106541,4,2.881136040855381e-08
1.9995,5.000205874239327e-06,1.9998203904018486,4,-6.039870470431197e-08
2.0,5.000262262910837e-06,1.9998940584012508,4,-1.1301870728175345e-07
