time_s,z_m,vz_m_s,contact_count,normal_force_N,phi0_m_pre_step,geometric_penetration_m
0.0,0.020999999716877937,-0.5,16,0.0,0.0,0.0
5e-05,0.02097499929368496,-0.5,16,0.0,0.0,0.0
0.0001,0.02094999887049198,-0.5,16,0.0,0.0,0.0
0.00015000000000000001,0.020924998447299004,-0.5,16,0.0,0.0,0.0
0.0002,0.020899998024106026,-0.5,16,0.0,0.0,0.0
0.00025,0.020874997600913048,-0.5,16,0.0,0.0,0.0
0.00030000000000000003,0.02084999717772007,-0.5,16,0.0,0.0,0.0
0.00035,0.020824996754527092,-0.5,16,0.0,0.0,0.0
0.0004,0.020799996331334114,-0.5,16,0.0,0.0,0.0
0.00045000000000000004,0.020774995908141136,-0.5,16,0.0,0.0,0.0
0.0005,0.020749995484948158,-0.5,16,0.0,0.0,0.0
0.00055,0.02072499506175518,-0.5,16,0.0,0.0,0.0
0.0006000000000000001,0.020699994638562202,-0.5,16,0.0,0.0,0.0
0.0006500000000000001,0.020674994215369225,-0.5,16,0.0,0.0,0.0
0.0007,0.020649993792176247,-0.5,16,0.0,0.0,0.0
0.00075,0.02062499336898327,-0.5,16,0.0,0.0,0.0
0.0008,0.02059999294579029,-0.5,16,0.0,0.0,0.0
0.0008500000000000001,0.020574992522597313,-0.5,16,0.0,0.0,0.0
0.0009000000000000001,0.020549992099404335,-0.5,16,0.0,0.0,0.0
0.00095,0.020524991676211357,-0.5,16,0.0,0.0,0.0
0.001,0.02049999125301838,-0.5,16,0.0,0.0,0.0
0.0010500000000000002,0.0204749908298254,-0.5,16,0.0,0.0,0.0
0.0011,0.020449990406632423,-0.5,16,0.0,0.0,0.0
0.00115,0.020424989983439445,-0.5,16,0.0,0.0,0.0
0.0012000000000000001,0.020399989560246468,-0.5,16,0.0,0.0,0.0
0.00125,0.02037498913705349,-0.5,16,0.0,0.0,0.0
0.0013000000000000002,0.020349988713860512,-0.5,16,0.0,0.0,0.0
0.00135,0.020324988290667534,-0.5,16,0.0,0.0,0.0
0.0014,0.020299987867474556,-0.5,16,0.0,0.0,0.0
0.0014500000000000001,0.020274987444281578,-0.5,16,0.0,0.0,0.0
0.0015,0.0202499870210886,-0.5,16,0.0,0.0,0.0
0.0015500000000000002,0.020224986597895622,-0.5,16,0.0,0.0,0.0
0.0016,0.020199986174702644,-0.5,16,0.0,0.0,0.0
0.00165,0.020174985751509666,-0.5,16,0.0,0.0,0.0
0.0017000000000000001,0.02014998532831669,-0.5,16,0.0,0.0,0.0
0.00175,0.02012498490512371,-0.5,16,0.0,0.0,0.0
0.0018000000000000002,0.020099984481930733,-0.5,16,0.0,0.0,0.0
0.00185,0.020074984058737755,-0.5,16,0.0,0.0,0.0
0.0019,0.020049983635544777,-0.5,16,0.0,0.0,0.0
0.0019500000000000001,0.0200249832123518,-0.5,16,0.0,0.0,0.0
0.002,0.01999998278915882,-0.5,16,7.549133628333425,-1.4901161193847656e-08,1.7210841179310377e-08
0.00205,0.019975000992417336,-0.49962255358695984,16,7.793064334129899,-2.4996697902679443e-05,2.4999007582664906e-05
0.0021000000000000003,0.01995003968477249,-0.4992328882217407,16,8.036624434655439,-4.995986819267273e-05,4.996031522750896e-05
0.00215,0.01992509886622429,-0.4988310635089874,16,8.279777605038323,-7.490068674087524e-05,7.490113377571148e-05
0.0022,0.019900178536772728,-0.49841707944869995,16,8.522561070059375,-9.982287883758545e-05,9.982146322727245e-05
0.0022500000000000003,0.01987527869641781,-0.4979909658432007,16,8.764938054892324,-0.00012472271919250488,0.00012472130358219188
0.0023,0.01985040120780468,-0.4975527226924896,16,9.006908559537171,-0.00014960020780563354,0.00014959879219532055
0.00235,0.019825546070933342,-0.49710237979888916,16,9.248473033948471,-0.00017445534467697144,0.00017445392906665844
0.0024000000000000002,0.019800713285803795,-0.4966399669647217,16,9.48963192808077,-0.00019928812980651855,0.00019928671419620556
0.00245,0.019775904715061188,-0.4961654841899872,16,9.730348017153254,-0.00022409483790397644,0.00022409528493881267
0.0025,0.01975112035870552,-0.49567896127700806,16,9.970658975901292,-0.00024887919425964355,0.0002488796412944798
0.00255,0.019726362079381943,-0.4951804280281067,16,10.210528029498617,-0.00027363747358322144,0.00027363792061805767
0.0026000000000000003,0.019701628014445305,-0.49466991424560547,16,10.449992852680605,-0.00029837340116500854,0.00029837198555469555
0.00265,0.019676920026540756,-0.4941474199295044,16,10.688978995885604,-0.00032307952642440796,0.0003230799734592442
0.0027,0.019652239978313446,-0.49361297488212585,16,10.927524133848996,-0.00034775957465171814,0.00034776002168655437
0.0027500000000000003,0.019627586007118225,-0.49306660890579224,16,11.165628716525333,-0.0003724135458469391,0.0003724139928817753
0.0028,0.019602959975600243,-0.49250832200050354,16,11.403292743914616,-0.0003970414400100708,0.0003970400243997578
0.00285,0.019578363746404648,-0.49193814396858215,16,11.640442216409747,-0.00042163580656051636,0.0004216362535953526
0.0029000000000000002,0.01955379545688629,-0.49135613441467285,16,11.87715248348148,-0.0004462040960788727,0.0004462045431137089
0.00295,0.019529256969690323,-0.49076226353645325,16,12.113385870394444,-0.0004707425832748413,0.00047074303030967754
0.003,0.019504748284816742,-0.4901565909385681,16,12.349143277057738,-0.0004952512681484222,0.0004952517151832585
0.00305,0.019480271264910698,-0.48953914642333984,16,12.584425153425915,-0.0005197301506996155,0.0005197287350893025
0.0031000000000000003,0.01945582590997219,-0.48890992999076843,16,12.819194274718157,-0.0005441755056381226,0.0005441740900278096
0.00315,0.01943141222000122,-0.48826897144317627,16,13.053451090889011,-0.0005685873329639435,0.0005685877799987797
0.0032,0.019407032057642937,-0.48761630058288574,16,13.28723327667386,-0.0005929693579673767,0.0005929679423570637
0.0032500000000000003,0.01938268356025219,-0.48695194721221924,16,13.520504057246427,-0.0006173178553581238,0.0006173164397478108
0.0033,0.019358370453119278,-0.48627591133117676,16,13.75322620782589,-0.0006416290998458862,0.0006416295468807225
0.00335,0.019334090873599052,-0.4855882525444031,16,13.985475077883002,-0.000665910542011261,0.000665909126400948
0.0034000000000000002,0.019309846684336662,-0.4848889708518982,16,14.21717621785612,-0.0006901547312736511,0.0006901533156633381
0.0034500000000000004,0.019285637885332108,-0.4841781258583069,16,14.448330527654344,-0.0007143616676330566,0.0007143621146678929
0.0035,0.019261464476585388,-0.48345571756362915,16,14.6789752320585,-0.000738535076379776,0.0007385355234146122
0.00355,0.019237328320741653,-0.4827217757701874,16,14.909073556242321,-0.0007626712322235107,0.000762671679258347
0.0036000000000000003,0.019213229417800903,-0.48197633028030396,16,15.138625950160355,-0.0007867701351642609,0.0007867705821990971
0.00365,0.019189167767763138,-0.48121941089630127,16,15.367632863767154,-0.0008108317852020264,0.0008108322322368626
0.0037,0.019165145233273506,-0.4804510176181793,16,15.596057072281901,-0.0008348524570465088,0.0008348547667264943
0.0037500000000000003,0.01914116181433201,-0.4796712100505829,16,15.823936700394517,-0.0008588358759880066,0.0008588381856679921
0.0038,0.019117217510938644,-0.47888001799583435,16,16.05127219805956,-0.0008827820420265198,0.000882782489061356
0.00385,0.019093314185738564,-0.4780774414539337,16,16.27798911571539,-0.0009066835045814514,0.0009066858142614369
0.0039000000000000003,0.019069451838731766,-0.47726354002952576,16,16.504162802832745,-0.0009305477142333984,0.0009305481612682347
0.00395,0.01904563046991825,-0.47643834352493286,16,16.729719259804536,-0.0009543672204017639,0.0009543695300817494
0.004,0.01902185007929802,-0.47560185194015503,16,16.954732936192418,-0.0009781494736671448,0.000978149920701981
0.00405,0.01899811252951622,-0.47475412487983704,16,17.17913028234384,-0.001001887023448944,0.0010018874704837803
0.0041,0.018974417820572853,-0.4738951623439789,16,17.40291129825881,-0.0010255798697471619,0.0010255821794271473
0.00415,0.01895076595246792,-0.47302502393722534,16,17.626151333408075,-0.001049235463142395,0.001049234047532082
0.004200000000000001,0.018927158787846565,-0.4721437096595764,16,17.848701488668343,-0.0010728389024734497,0.0010728412121534352
0.00425,0.018903596326708794,-0.4712512791156769,16,18.070711563072017,-0.0010964050889015198,0.0010964036732912068
0.0043,0.018880078569054604,-0.47034773230552673,16,18.292032657495795,-0.0011199191212654114,0.0011199214309453968
0.004350000000000001,0.018856607377529144,-0.46943312883377075,16,18.51277734619126,-0.00114339217543602,0.0011433926224708561
0.0044,0.018833182752132416,-0.4685074985027313,16,18.73287162955132,-0.0011668168008327484,0.0011668172478675846
0.00445,0.018809804692864418,-0.46757084131240845,16,18.952315507575968,-0.001190192997455597,0.0011901953071355824
0.0045000000000000005,0.01878647319972515,-0.4666232168674469,16,19.171184329735965,-0.0012135282158851624,0.0012135268002748494
0.00455,0.018763190135359764,-0.46566465497016907,16,19.38936687164338,-0.0012368112802505493,0.0012368098646402363
0.0046,0.018739955499768257,-0.46469518542289734,16,19.60686358325278,-0.0012600421905517578,0.0012600445002317433
0.0046500000000000005,0.01871676929295063,-0.4637148380279541,16,19.82374936408036,-0.0012832283973693848,0.0012832307070493702
0.0047,0.018693633377552032,-0.46272364258766174,16,20.03998743929985,-0.0013063661754131317,0.001306366622447968
0.00475,0.018670547753572464,-0.46172162890434265,16,20.255541034084974,-0.0013294517993927002,0.0013294522464275364
0.0048000000000000004,0.018647512421011925,-0.4607088565826416,16,20.470448273125673,-0.0013524889945983887,0.0013524875789880757
0.00485,0.018624527379870415,-0.4596853256225586,16,20.68467193164112,-0.0013754740357398987,0.0013754726201295857
0.0049,0.018601594492793083,-0.4586510956287384,16,20.898212909540412,-0.0013984069228172302,0.0013984055072069172
0.00495,0.01857871375977993,-0.4576061964035034,16,21.111071656778105,-0.0014212876558303833,0.0014212862402200703
0.005,0.018555887043476105,-0.45655062794685364,16,21.32321094857338,-0.0014441125094890594,0.0014441129565238957
0.005050000000000001,0.018533112481236458,-0.4554844796657562,16,21.534669359570724,-0.0014668852090835571,0.0014668875187635426
0.0051,0.01851039193570614,-0.4544077515602112,16,21.745484114550948,-0.0014896094799041748,0.0014896080642938618
0.00515,0.018487725406885147,-0.4533204734325409,16,21.955543989126145,-0.001512274146080017,0.0015122745931148533
0.005200000000000001,0.018465114757418633,-0.45222270488739014,16,22.16492433276706,-0.001534886658191681,0.001534885242581368
0.00525,0.018442558124661446,-0.4511144459247589,16,22.37355069591205,-0.0015574395656585693,0.0015574418753385548
0.0053,0.018420059233903885,-0.449995756149292,16,22.581498428031875,-0.0015799403190612793,0.0015799407660961155
0.005350000000000001,0.0183976162225008,-0.44886669516563416,16,22.78869397947398,-0.0016023814678192139,0.0016023837774991993
0.0054,0.018375229090452194,-0.4477272629737854,16,22.995211799800018,-0.00162477046251297,0.0016247709095478062
0.00545,0.018352899700403214,-0.4465774893760681,16,23.200977889402903,-0.0016470998525619507,0.001647100299596787
0.0055000000000000005,0.01833062805235386,-0.4454174339771271,16,23.40599314819173,-0.001669369637966156,0.0016693719476461415
0.00555,0.01830841600894928,-0.44424712657928467,16,23.610295250901874,-0.0016915835440158844,0.0016915839910507206
0.0056,0.018286263570189476,-0.4430665969848633,16,23.81384742270708,-0.0017137378454208374,0.0017137364298105244
0.0056500000000000005,0.0182641688734293,-0.4418759047985077,16,24.016613338735617,-0.0017358288168907166,0.001735831126570702
0.0057,0.018242135643959045,-0.4406750798225403,16,24.21866789850369,-0.0017578639090061188,0.001757864356040955
0.00575,0.018220162019133568,-0.43946415185928345,16,24.419974327185024,-0.0017798393964767456,0.0017798379808664326
0.0058000000000000005,0.018198249861598015,-0.43824315071105957,16,24.620495849953354,-0.0018017515540122986,0.0018017501384019856
0.00585,0.018176399171352386,-0.4370121359825134,16,24.820233366717783,-0.0018236003816127777,0.001823600828647614
0.0059,0.018154609948396683,-0.4357711374759674,16,25.019224552213693,-0.0018453896045684814,0.0018453900516033177
0.00595,0.018132884055376053,-0.4345201849937439,16,25.217432631614802,-0.0018671154975891113,0.0018671159446239476
0.006,0.018111221492290497,-0.4332593083381653,16,25.414858054875676,-0.0018887780606746674,0.0018887785077095036
0.006050000000000001,0.018089622259140015,-0.43198856711387634,16,25.611501721905405,-0.0019103772938251495,0.0019103777408599858
0.0061,0.018068086355924606,-0.43070799112319946,16,25.807364082658566,-0.0019319131970405579,0.001931913644075394
0.00615,0.01804661564528942,-0.42941761016845703,16,26.00244558708969,-0.0019533857703208923,0.0019533843547105793
0.006200000000000001,0.01802521012723446,-0.4281174838542938,16,26.19670991032707,-0.0019747912883758545,0.0019747898727655415
0.00625,0.01800386980175972,-0.4268076419830322,16,26.390157502325255,-0.0019961297512054443,0.0019961301982402806
0.0063,0.017982594668865204,-0.425488144159317,16,26.582826487774177,-0.0020174048840999603,0.0020174053311347966
0.006350000000000001,0.01796138659119606,-0.4241589903831482,16,26.774679641893012,-0.002038612961769104,0.0020386134088039402
0.0064,0.01794024556875229,-0.4228202700614929,16,26.965718314545423,-0.0020597539842128754,0.0020597544312477116
0.00645,0.01791917160153389,-0.4214719831943512,16,27.155942505731403,-0.0020808279514312744,0.0020808283984661106
0.006500000000000001,0.017898166552186012,-0.4201141893863678,16,27.345315890579236,-0.0021018311381340027,0.002101833447813988
0.00655,0.017877228558063507,-0.4187469184398651,16,27.533913368605123,-0.002122770994901657,0.0021227714419364933
0.0066,0.017856359481811523,-0.4173702299594879,16,27.72166139015653,-0.0021436400711536407,0.002143640518188477
0.0066500000000000005,0.01783556118607521,-0.4159841537475586,16,27.908560405188,-0.0021644383668899536,0.00216443881392479
0.0067,0.01781483180820942,-0.41458871960639954,16,28.094610863654086,-0.0021851658821105957,0.002185168191790581
0.00675,0.0177941732108593,-0.4131839871406555,16,28.279850890244727,-0.0022058263421058655,0.0022058267891407017
0.0068000000000000005,0.01777358539402485,-0.4117699861526489,16,28.46420648535283,-0.002226412296295166,0.0022264146059751515
0.00685,0.01775306835770607,-0.41034677624702454,16,28.647752998449125,-0.0022469311952590942,0.0022469316422939305
0.006900000000000001,0.01773262210190296,-0.40891438722610474,16,28.830416429926544,-0.0022673755884170532,0.0022673778980970387
0.0069500000000000004,0.017712248489260674,-0.4074728786945343,16,29.012272129255837,-0.00228775292634964,0.002287751510739327
0.007,0.017691947519779205,-0.40602225065231323,16,29.193208422094518,-0.002308052033185959,0.002308052480220795
0.007050000000000001,0.017671719193458557,-0.4045625925064087,16,29.373301107867906,-0.002328280359506607,0.0023282808065414433
0.0071,0.017651565372943878,-0.40309393405914307,16,29.55251341174973,-0.002348434180021286,0.0023484346270561222
0.00715,0.01763148419559002,-0.40161630511283875,16,29.730883008475363,-0.002368517220020294,0.002368515804409981
0.007200000000000001,0.01761147752404213,-0.4001297652721405,16,29.90833634839226,-0.0023885220289230347,0.002388522475957871
0.00725,0.01759154535830021,-0.3986343443393707,16,30.08491110623581,-0.002408452332019806,0.0024084546416997914
0.0073,0.017571689561009407,-0.3971301019191742,16,30.26060818191511,-0.002428308129310608,0.0024283104389905934
0.007350000000000001,0.017551908269524574,-0.3956170678138733,16,30.43542802538471,-0.0024480894207954407,0.002448091730475426
0.0074,0.01753220334649086,-0.3940953016281128,16,30.609371536553727,-0.002467796206474304,0.0024677966535091404
0.00745,0.017512574791908264,-0.3925648331642151,16,30.78240194059588,-0.0024874247610569,0.0024874252080917363
0.007500000000000001,0.017493022605776787,-0.39102572202682495,16,30.954557362201104,-0.0025069788098335266,0.0025069773942232136
0.00755,0.017473548650741577,-0.38947799801826477,16,31.12576380176231,-0.002526450902223587,0.0025264513492584233
0.0076,0.017454152926802635,-0.3879217207431793,16,31.29609660875024,-0.0025458484888076782,0.0025458470731973652
0.0076500000000000005,0.01743483543395996,-0.386356920003891,16,31.4654817835578,-0.0025651641190052032,0.0025651645660400395
0.0077,0.017415596172213554,-0.38478365540504456,16,31.63399467565576,-0.002584405243396759,0.002584403827786446
0.00775,0.017396437004208565,-0.3832019567489624,16,31.801524060656185,-0.00260356068611145,0.0026035629957914357
0.0078000000000000005,0.017377356067299843,-0.3816118836402893,16,31.968182512810657,-0.002622641623020172,0.0026226439327001576
0.007850000000000001,0.017358355224132538,-0.38001346588134766,16,32.13393325729291,-0.0026416443288326263,0.0026416447758674626
0.0079,0.01733943447470665,-0.3784067630767822,16,32.29873996923122,-0.0026605650782585144,0.0026605655252933506
0.00795,0.017320595681667328,-0.3767918348312378,16,32.4626035485347,-0.0026794038712978363,0.0026794043183326725
0.008,0.017301836982369423,-0.37516871094703674,16,32.62552444515791,-0.002698160707950592,0.0026981630176305775
0.00805,0.017283160239458084,-0.37353742122650146,16,32.78754033383619,-0.00271683931350708,0.0027168397605419163
0.0081,0.01726456545293331,-0.3718980550765991,16,32.94861533965243,-0.002735435962677002,0.002735434547066689
0.008150000000000001,0.017246052622795105,-0.3702506124973297,16,33.108712237825756,-0.002753946930170059,0.0027539473772048954
0.0082,0.017227623611688614,-0.3685951828956604,16,33.267869603000676,-0.0027723759412765503,0.0027723763883113865
0.00825,0.01720927655696869,-0.3669317960739136,16,33.42608788513176,-0.0027907229959964752,0.0027907234430313115
0.0083,0.01719101332128048,-0.3652604818344116,16,33.58336753417352,-0.002808988094329834,0.002808986678719521
0.00835,0.017172833904623985,-0.3635812997817993,16,33.73967222525427,-0.002827167510986328,0.002827166095376015
0.008400000000000001,0.017154738306999207,-0.36189430952072144,16,33.8950028582831,-0.0028452612459659576,0.002845261693000794
0.008450000000000001,0.017136728391051292,-0.36019957065582275,16,34.04939755794995,-0.002863273024559021,0.002863271608948708
0.0085,0.017118804156780243,-0.35849711298942566,16,34.20278232464772,-0.0028811953961849213,0.0028811958432197575
0.00855,0.017100965604186058,-0.35678696632385254,16,34.355232057892614,-0.0028990358114242554,0.0028990343958139424
0.0086,0.017083212733268738,-0.35506919026374817,16,34.50667320803209,-0.0029167868196964264,0.0029167872667312626
0.00865,0.017065545544028282,-0.3533438444137573,16,34.657181124536905,-0.0029344558715820312,0.0029344544559717183
0.008700000000000001,0.01704796589910984,-0.3516109883785248,16,34.806645032973684,-0.0029520317912101746,0.00295203410089016
0.00875,0.017030471935868263,-0.3498706519603729,16,34.95517705763945,-0.0029695257544517517,0.002969528064131737
0.0088,0.0170130655169487,-0.34812289476394653,16,35.102740873662505,-0.0029869340360164642,0.0029869344830513005
0.00885,0.01699574664235115,-0.346367746591568,16,35.24929970621656,-0.0030042529106140137,0.00300425335764885
0.0089,0.016978517174720764,-0.3446052670478821,16,35.394854455210734,-0.0030214823782444,0.0030214828252792363
0.00895,0.01696137525141239,-0.34283551573753357,16,35.53940602055412,-0.0030386224389076233,0.0030386247485876088
0.009000000000000001,0.016944322735071182,-0.34105855226516724,16,35.68299252693666,-0.003055676817893982,0.003055677264928818
0.00905,0.016927359625697136,-0.33927440643310547,16,35.82557719953207,-0.0030726417899131775,0.0030726403743028645
0.0091,0.016910485923290253,-0.33748313784599304,16,35.967123713468645,-0.0030895136296749115,0.0030895140767097477
0.00915,0.016893701627850533,-0.33568477630615234,16,36.10766974348176,-0.0031062960624694824,0.003106298372149468
0.0092,0.016877006739377975,-0.33387938141822815,16,36.24725341426134,-0.0031229928135871887,0.003122993260622025
0.009250000000000001,0.01686040312051773,-0.33206701278686523,16,36.38580117615484,-0.0031395964324474335,0.0031395968794822697
0.009300000000000001,0.0168438907712698,-0.3302477300167084,16,36.52335115385221,-0.003156110644340515,0.003156109228730202
0.00935,0.016827469691634178,-0.32842156291007996,16,36.65986657252715,-0.0031725317239761353,0.0031725303083658223
0.0094,0.01681113988161087,-0.32658857107162476,16,36.79534833208879,-0.003188859671354294,0.00318886011838913
0.00945,0.016794903203845024,-0.32474881410598755,16,36.929834557227046,-0.0032050982117652893,0.0032050967961549763
0.0095,0.01677875779569149,-0.3229023218154907,16,37.06328847311567,-0.0032212436199188232,0.0032212422043085102
0.009550000000000001,0.016762705519795418,-0.32104915380477905,16,37.19567375488291,-0.003237292170524597,0.0032372944802045826
0.009600000000000001,0.016746746376156807,-0.3191893696784973,16,37.32706575199955,-0.003253251314163208,0.0032532536238431935
0.00965,0.016730880364775658,-0.3173230290412903,16,37.45746536437467,-0.0032691210508346558,0.0032691196352243428
0.0097,0.01671510748565197,-0.31545016169548035,16,37.586798592401195,-0.0032848939299583435,0.0032848925143480305
0.00975,0.016699429601430893,-0.3135708272457123,16,37.715066335988226,-0.0033005699515342712,0.0033005703985691075
0.0098,0.016683844849467278,-0.31168508529663086,16,37.84234394460651,-0.003316156566143036,0.003316155150532723
0.009850000000000001,0.016668355092406273,-0.30979296565055847,16,37.96855741864897,-0.0033316463232040405,0.0033316449075937275
0.0099,0.01665296033024788,-0.3078945279121399,16,38.0937076580247,-0.003347039222717285,0.0033470396697521214
0.00995,0.016637660562992096,-0.3059898316860199,16,38.217832787423625,-0.0033623389899730682,0.0033623394370079045
0.01,0.016622455790638924,-0.30407893657684326,16,38.340896481974035,-0.0033775418996810913,0.0033775442093610768
0.01005,0.01660734787583351,-0.30216190218925476,16,38.46293686636586,-0.003392651677131653,0.003392652124166489
0.010100000000000001,0.01659233681857586,-0.3002387583255768,16,38.58391716577283,-0.0034076645970344543,0.0034076631814241413
0.010150000000000001,0.016577420756220818,-0.2983095645904541,16,38.70383828010406,-0.003422580659389496,0.003422579243779183
0.0102,0.016562601551413536,-0.2963743805885315,16,38.82270110926863,-0.0034373998641967773,0.0034373984485864643
0.01025,0.016547879204154015,-0.29443323612213135,16,38.94050610322112,-0.003452122211456299,0.003452120795845986
0.0103,0.016533255577087402,-0.2924862205982208,16,39.05721738704433,-0.003466743975877762,0.003466744422912598
0.01035,0.01651872880756855,-0.2905333638191223,16,39.17287263547369,-0.003481268882751465,0.0034812711924314503
0.010400000000000001,0.016504300758242607,-0.2885747253894806,16,39.287509973199086,-0.0034957006573677063,0.0034956992417573933
0.010450000000000001,0.016489969566464424,-0.28661033511161804,16,39.401018175832625,-0.003510028123855591,0.0035100304335355763
0.0105,0.01647573709487915,-0.28464028239250183,16,39.51351026758043,-0.003524262458086014,0.00352426290512085
0.01055,0.016461603343486786,-0.28266459703445435,16,39.6249122488354,-0.0035383962094783783,0.0035383966565132145
0.0106,0.01644756831228733,-0.28068333864212036,16,39.73522501950664,-0.0035524293780326843,0.00355243168771267
0.01065,0.016433633863925934,-0.27869656682014465,16,39.84448670428409,-0.0035663656890392303,0.0035663661360740666
0.010700000000000001,0.016419798135757446,-0.276704341173172,16,39.952660978296024,-0.003580201417207718,0.003580201864242554
0.010750000000000001,0.016406062990427017,-0.27470672130584717,16,40.059748741451564,-0.003593936562538147,0.003593937009572983
0.0108,0.016392428427934647,-0.27270373702049255,16,40.16575044370524,-0.0036075711250305176,0.003607571572065354
0.01085,0.016378894448280334,-0.27069544792175293,16,40.270666984966184,-0.0036211051046848297,0.003621105551719666
0.0109,0.01636546105146408,-0.26868191361427307,16,40.37449926514348,-0.0036345385015010834,0.0036345389485359196
0.01095,0.016352128237485886,-0.26666319370269775,16,40.47724818414624,-0.0036478713154792786,0.003647871762514115
0.011000000000000001,0.01633889600634575,-0.26463931798934937,16,40.57891419192902,-0.0036611035466194153,0.0036611039936542515
0.01105,0.01632576622068882,-0.26261037588119507,16,40.679461413574664,-0.003674231469631195,0.0036742337793111805
0.0111,0.01631273701786995,-0.26057639718055725,16,40.77896474859936,-0.003687262535095215,0.003687262982130051
0.01115,0.016299810260534286,-0.2585374414920807,16,40.877350647350575,-0.0037001892924308777,0.003700189739465714
0.0112,0.01628698594868183,-0.25649356842041016,16,40.974620009737414,-0.0037130117416381836,0.003713014051318169
0.011250000000000001,0.016274264082312584,-0.25444483757019043,16,41.07084818523061,-0.0037257373332977295,0.0037257359176874165
0.011300000000000001,0.016261644661426544,-0.2523913085460663,16,41.16592439939683,-0.00373835489153862,0.0037383553385734562
0.01135,0.016249127686023712,-0.2503330111503601,16,41.259923551752266,-0.003750871866941452,0.0037508723139762883
0.0114,0.016236715018749237,-0.24827001988887787,16,41.352809542402476,-0.003763284534215927,0.0037632849812507634
0.01145,0.01622440479695797,-0.24620237946510315,16,41.444620271060096,-0.0037755966186523438,0.0037755952030420308
0.0115,0.01621219888329506,-0.24413014948368073,16,41.53528218807259,-0.003787800669670105,0.003787801116704941
0.011550000000000001,0.016200095415115356,-0.24205338954925537,16,41.62487064291074,-0.0037999041378498077,0.003799904584884644
0.011600000000000001,0.01618809625506401,-0.23997214436531067,16,41.713349085725525,-0.0038119032979011536,0.00381190374493599
0.01165,0.01617620140314102,-0.2378864735364914,16,41.800718416426065,-0.0038237981498241425,0.0038237985968589787
0.0117,0.01616441085934639,-0.23579643666744232,16,41.88697953492145,-0.0038355886936187744,0.0038355891406536106
0.01175,0.016152726486325264,-0.23370209336280823,16,41.972096116339976,-0.003847271203994751,0.0038472735136747364
0.0118,0.016141146421432495,-0.2316034883260727,16,42.056143285175125,-0.003858853131532669,0.0038588535785675053
0.011850000000000001,0.016129670664668083,-0.2295006811618805,16,42.13908471655516,-0.0038703307509422302,0.0038703293353319172
0.0119,0.016118301078677177,-0.2273937314748764,16,42.220884085608375,-0.003881700336933136,0.003881698921322823
0.01195,0.016107037663459778,-0.225282683968544,16,42.301542067266595,-0.0038929618895053864,0.0038929623365402226
0.012,0.016095878556370735,-0.22316761314868927,16,42.38109701119705,-0.00390411913394928,0.0039041214436292652
0.01205,0.0160848256200552,-0.22104856371879578,16,42.45958681711237,-0.003915175795555115,0.003915174379944802
0.012100000000000001,0.01607387885451317,-0.2189255803823471,16,42.53690048560191,-0.003926120698451996,0.003926121145486832
0.012150000000000001,0.016063038259744644,-0.21679873764514923,16,42.613113591113716,-0.00393696129322052,0.003936961740255356
0.0122,0.016052305698394775,-0.21466808021068573,16,42.688189583798774,-0.003947693854570389,0.003947694301605225
0.01225,0.016041679307818413,-0.21253366768360138,16,42.762166588347036,-0.003958322107791901,0.003958320692181588
0.0123,0.016031159088015556,-0.21039555966854095,16,42.83500827988677,-0.003968842327594757,0.003968840911984444
0.01235,0.016020746901631355,-0.20825381577014923,16,42.90667833354628,-0.00397925078868866,0.003979253098368645
0.012400000000000001,0.01601044088602066,-0.2061084806919098,16,42.97728909859984,-0.003989558666944504,0.00398955911397934
0.012450000000000001,0.01600024290382862,-0.2039596140384674,16,43.046729800614095,-0.003999754786491394,0.0039997570961713795
0.0125,0.015990152955055237,-0.20180727541446686,16,43.115075789059794,-0.004009846597909927,0.004009847044944764
0.01255,0.015980171039700508,-0.19965152442455292,16,43.18225351428441,-0.004019826650619507,0.004019828960299492
0.0126,0.015970297157764435,-0.19749240577220917,16,43.24833810078141,-0.004029702395200729,0.004029702842235566
0.01265,0.015960531309247017,-0.19532999396324158,16,43.313256223875534,-0.004039466381072998,0.0040394686907529835
0.012700000000000001,0.015950873494148254,-0.19316433370113373,16,43.37708300806025,-0.00404912605881691,0.004049126505851746
0.012750000000000001,0.015941323712468147,-0.1909954845905304,16,43.439744903683035,-0.004058673977851868,0.004058676287531853
0.0128,0.015931881964206696,-0.18882349133491516,16,43.50131703523734,-0.004068117588758469,0.004068118035793305
0.01285,0.01592255011200905,-0.186648428440094,16,43.561726078047926,-0.004077449440956116,0.004077449887990952
0.0129,0.015913326293230057,-0.18447034060955048,16,43.62100993182743,-0.004086673259735107,0.004086673706769944
0.012950000000000001,0.01590421237051487,-0.18228928744792938,16,43.67913227170414,-0.004095785319805145,0.004095787629485131
0.013000000000000001,0.015895206481218338,-0.1801053285598755,16,43.73616844714881,-0.004104793071746826,0.004104793518781662
0.01305,0.01588631048798561,-0.17791852355003357,16,43.79204490850891,-0.004113689064979553,0.0041136895120143895
0.0131,0.01587752439081669,-0.1757289171218872,16,43.84676233071626,-0.004122473299503326,0.004122475609183312
0.01315,0.01586884818971157,-0.17353658378124237,16,43.90039628821888,-0.004131153225898743,0.00413115181028843
0.0132,0.015860281884670258,-0.17134156823158264,16,43.952835781606126,-0.004139717668294907,0.004139718115329743
0.013250000000000001,0.01585182547569275,-0.1691439300775528,16,44.00415616034878,-0.004148174077272415,0.004148174524307251
0.013300000000000001,0.015843478962779045,-0.1669437289237976,16,44.054358324355924,-0.004156522452831268,0.004156521037220955
0.01335,0.015835242345929146,-0.16474100947380066,16,44.103368498997746,-0.004164755344390869,0.004164757654070855
0.0134,0.01582711562514305,-0.16253584623336792,16,44.15129948350311,-0.004172883927822113,0.004172884374856949
0.01345,0.01581909880042076,-0.16032828390598297,16,44.198077503242196,-0.004180900752544403,0.004180901199579239
0.0135,0.015811193734407425,-0.1581183820962906,16,44.243703458124095,-0.004188805818557739,0.0041888062655925755
0.013550000000000001,0.015803398564457893,-0.15590620040893555,16,44.28817824805792,-0.004196599125862122,0.004196601435542107
0.013600000000000001,0.015795713290572166,-0.15369179844856262,16,44.331577222514426,-0.004204288125038147,0.004204286709427834
0.01365,0.015788139775395393,-0.1514752209186554,16,44.37375215730217,-0.004211857914924622,0.004211860224604607
0.0137,0.015780676156282425,-0.14925652742385864,16,44.41485285145352,-0.004219323396682739,0.0042193238437175755
0.01375,0.01577332429587841,-0.14703577756881714,16,44.454805755315945,-0.004226677119731903,0.00422667570412159
0.013800000000000002,0.01576608419418335,-0.14481303095817566,16,44.49357454401773,-0.004233915358781815,0.004233915805816651
0.013850000000000001,0.015758953988552094,-0.14258834719657898,16,44.531234567029635,-0.004241045564413071,0.004241046011447907
0.013900000000000001,0.01575193554162979,-0.14036178588867188,16,44.567749499479945,-0.004248064011335373,0.004248064458370209
0.01395,0.015745028853416443,-0.13813339173793793,16,44.60312001630047,-0.004254970699548721,0.0042549711465835575
0.014,0.01573823392391205,-0.1359032392501831,16,44.6373472423776,-0.004261765629053116,0.004261766076087952
0.01405,0.015731550753116608,-0.133671373128891,16,44.67043185264319,-0.0042684487998485565,0.004268449246883393
0.014100000000000001,0.01572497934103012,-0.13143785297870636,16,44.70237474700631,-0.004275020211935043,0.00427502065896988
0.014150000000000001,0.015718519687652588,-0.129202738404274,16,44.73317682537608,-0.004281479865312576,0.0042814803123474125
0.0142,0.01571217179298401,-0.12696607410907745,16,44.762838762684346,-0.004287827759981155,0.004287828207015992
0.01425,0.015705935657024384,-0.12472793459892273,16,44.79136168381748,-0.004294063895940781,0.004294064342975617
0.0143,0.015699811279773712,-0.1224883645772934,16,44.81874626370729,-0.004300188273191452,0.004300188720226288
0.01435,0.015693798661231995,-0.12024742364883423,16,44.84499340226291,-0.0043062008917331696,0.004306201338768006
0.014400000000000001,0.01568789780139923,-0.11800517141819,16,44.87010399939344,-0.004312101751565933,0.0043121021986007695
0.014450000000000001,0.01568211056292057,-0.1157616674900055,16,44.894041730227165,-0.004317887127399445,0.00431788943707943
0.0145,0.015676435083150864,-0.11351696401834488,16,44.91688183174618,-0.0043235644698143005,0.004323564916849137
0.01455,0.01567087136209011,-0.11127112060785294,16,44.938587979078804,-0.004329130053520203,0.00432912863790989
0.0146,0.015665419399738312,-0.10902418941259384,16,44.95912373486464,-0.004334580153226852,0.004334580600261689
0.014650000000000002,0.015660081058740616,-0.10677623003721237,16,44.97852722379365,-0.004339918494224548,0.004339918941259385
0.014700000000000001,0.015654854476451874,-0.1045273020863533,16,44.99679934577494,-0.00434514507651329,0.004345145523548127
0.014750000000000001,0.015649741515517235,-0.10227746516466141,16,45.01394100071759,-0.004350259900093079,0.004350258484482766
0.0148,0.01564474031329155,-0.10002677142620087,16,45.02991575126126,-0.0043552592396736145,0.004355259686708451
0.01485,0.01563985086977482,-0.09777527302503586,16,45.04476160960725,-0.0043601468205451965,0.004360149130225182
0.0149,0.01563507504761219,-0.09552303701639175,16,45.05847958815329,-0.004364922642707825,0.00436492495238781
0.014950000000000001,0.015630410984158516,-0.09327011555433273,16,45.07107047431986,-0.004369586706161499,0.0043695890158414845
0.015000000000000001,0.015625860542058945,-0.09101656079292297,16,45.08253505552742,-0.0043741390109062195,0.004374139457941056
0.015050000000000001,0.015621422789990902,-0.08876243233680725,16,45.09283700690426,-0.004378575831651688,0.0043785772100090985
0.0151,0.015617097727954388,-0.08650778979063034,16,45.10201445314029,-0.004382900893688202,0.004382902272045613
0.01515,0.015612885355949402,-0.08425269275903702,16,45.110068294144654,-0.004387114197015762,0.0043871146440505986
0.0152,0.015608785673975945,-0.08199718594551086,16,45.11698989865395,-0.004391214810311794,0.004391214326024056
0.015250000000000001,0.015604798682034016,-0.07974133640527725,16,45.12277097287071,-0.004395201802253723,0.004395201317965985
0.015300000000000001,0.015600924380123615,-0.07748519629240036,16,45.12742161041062,-0.0043990761041641235,0.004399075619876385
0.01535,0.015597162768244743,-0.07522882521152496,16,45.13094271118279,-0.0044028377160429955,0.004402837231755257
0.0154,0.0155935138463974,-0.07297227531671524,16,45.13332575641248,-0.004406485706567764,0.0044064861536026005
0.01545,0.015589977614581585,-0.07071560621261597,16,45.13458095220399,-0.004410021007061005,0.0044100223854184155
0.0155,0.015586555004119873,-0.06845887750387192,16,45.13471850466165,-0.004413444548845291,0.004413444995880127
0.015550000000000001,0.01558324508368969,-0.06620214134454727,16,45.13372989501072,-0.004416755400598049,0.004416754916310311
0.015600000000000001,0.015580047853291035,-0.0639454573392868,16,45.131606716965074,-0.004419952630996704,0.004419952146708966
0.01565,0.015576963312923908,-0.061688877642154694,16,45.128359064140426,-0.004423037171363831,0.004423036687076092
0.015700000000000002,0.01557399146258831,-0.05943245813250542,16,45.12398778020153,-0.0044260090216994286,0.00442600853741169
0.01575,0.01557113230228424,-0.05717625841498375,16,45.11848445886231,-0.0044288672506809235,0.00442886769771576
0.0158,0.0155683858320117,-0.05492033436894417,16,45.11185924998275,-0.00443161278963089,0.004431614167988301
0.01585,0.015565752983093262,-0.05266474187374115,16,45.104122303422834,-0.0044342465698719025,0.004434247016906739
0.0159,0.015563232824206352,-0.05040953680872917,16,45.09526515665216,-0.0044367676600813866,0.004436767175793648
0.015950000000000002,0.015560825355350971,-0.04815477505326271,16,45.0852793471403,-0.004439175128936768,0.004439174644649029
0.016,0.015558530576527119,-0.04590051248669624,16,45.07417502474725,-0.00444146990776062,0.004441469423472882
0.016050000000000002,0.015556348487734795,-0.04364680498838425,16,45.06195303313778,-0.004443651996552944,0.004443651512265206
0.0161,0.015554279088973999,-0.0413937084376812,16,45.0486049097815,-0.004445720463991165,0.004445720911026001
0.01615,0.015552322380244732,-0.039141278713941574,16,45.034140804538396,-0.004447676241397858,0.0044476776197552685
0.0162,0.015550478361546993,-0.03688957169651985,16,45.01857086726845,-0.004449520260095596,0.004449521638453007
0.01625,0.015548746101558208,-0.03463864326477051,16,45.00189594163645,-0.004451252520084381,0.004451253898441792
0.016300000000000002,0.015547126531600952,-0.03238854929804802,16,44.9841168713072,-0.004452873021364212,0.004452873468399048
0.01635,0.015545619651675224,-0.030139343813061714,16,44.9652251656281,-0.0044543808326125145,0.004454380348324776
0.0164,0.015544225461781025,-0.02789108268916607,16,44.94521236206874,-0.004455775022506714,0.0044557745382189755
0.01645,0.01554294303059578,-0.02564382180571556,16,44.924088610489115,-0.004457056522369385,0.004457056969404221
0.0165,0.015541773289442062,-0.023397617042064667,16,44.90186406074922,-0.004458226263523102,0.004458226710557938
0.016550000000000002,0.0155407153069973,-0.021152524277567863,16,44.87853955651384,-0.004459284245967865,0.004459284693002701
0.0166,0.015539770014584064,-0.01890859752893448,16,44.85411591332561,-0.004460230469703674,0.004460229985415936
0.01665,0.015538936480879784,-0.01666589081287384,16,44.828584640531936,-0.004461064003407955,0.004461063519120217
0.0167,0.015538215637207031,-0.014424461871385574,16,44.801937303724564,-0.004461783915758133,0.004461784362792969
0.01675,0.015537606552243233,-0.012184364721179008,16,44.77419333083654,-0.004462392069399357,0.004462393447756768
0.016800000000000002,0.015537109225988388,-0.00994565524160862,16,44.74537217792305,-0.004462890326976776,0.004462890774011612
0.01685,0.015536723658442497,-0.007708386518061161,16,44.71545603407525,-0.0044632768258452415,0.004463276341557503
0.016900000000000002,0.01553644984960556,-0.005472613498568535,16,44.684427116506434,-0.004463549703359604,0.00446355015039444
0.01695,0.015536287799477577,-0.003238392062485218,16,44.65230488127178,-0.004463710822165012,0.004463712200522423
0.017,0.015536237508058548,-0.0010057768085971475,16,44.61910876509251,-0.004463762044906616,0.0044637624919414524
0.01705,0.015536298975348473,0.0012251785956323147,16,44.58482096584796,-0.004463701508939266,0.004463701024651528
0.0171,0.015536471270024776,0.0034544195514172316,16,44.54942369547849,-0.004463527351617813,0.004463528729975224
0.017150000000000002,0.015536755323410034,0.005681890528649092,16,44.51296432335202,-0.00446324422955513,0.004463244676589966
0.0172,0.015537151135504246,0.007907538674771786,16,44.47541572884922,-0.004462849348783493,0.004462848864495755
0.01725,0.015537657774984837,0.010131309740245342,16,44.43677873102797,-0.004462342709302902,0.004462342225015164
0.0173,0.015538275241851807,0.012353148311376572,16,44.39705416652254,-0.0044617243111133575,0.004461724758148194
0.01735,0.015539003536105156,0.01457300130277872,16,44.356270755400075,-0.004460996948182583,0.0044609964638948445
0.017400000000000002,0.015539842657744884,0.016790814697742462,16,44.31438278222718,-0.004460155963897705,0.004460157342255116
0.01745,0.015540792606770992,0.019006533548235893,16,44.27143760758359,-0.004459206014871597,0.004459207393229008
0.0175,0.01554185338318348,0.02122010476887226,16,44.22741742056046,-0.00445814523845911,0.004458146616816521
0.01755,0.015543024986982346,0.023431476205587387,16,44.18233231477345,-0.004456974565982819,0.004456975013017655
0.0176,0.015544307418167591,0.025640591979026794,16,44.136173827692126,-0.004455693066120148,0.004455692581832409
0.017650000000000002,0.015545699745416641,0.027847399935126305,16,44.08893344054177,-0.004454299807548523,0.004454300254583359
0.0177,0.015547201968729496,0.03005184605717659,16,44.040649193645834,-0.004452798515558243,0.004452798031270504
0.017750000000000002,0.01554881501942873,0.03225388005375862,16,43.991284621521785,-0.004451185464859009,0.00445118498057127
0.0178,0.015550537966191769,0.03445344418287277,16,43.94084059595659,-0.004449460655450821,0.004449462033808232
0.01785,0.015552370809018612,0.036650486290454865,16,43.88935512915153,-0.004447627812623978,0.0044476291909813885
0.0179,0.015554312616586685,0.03884495422244072,16,43.83682900852707,-0.004445686936378479,0.004445687383413315
0.01795,0.015556364320218563,0.04103679582476616,16,43.78322579672287,-0.0044436343014240265,0.004443635679781437
0.018000000000000002,0.015558525919914246,0.043225958943367004,16,43.72858350594021,-0.004441473633050919,0.004441474080085755
0.01805,0.015560796484351158,0.04541238769888878,16,43.672893673648666,-0.004439203999936581,0.004439203515648842
0.0181,0.0155631760135293,0.0475960336625576,16,43.6161477248292,-0.004436824470758438,0.0044368239864707
0.01815,0.015565664507448673,0.049776840955019,16,43.55835580934179,-0.0044343359768390656,0.004434335492551327
0.0182,0.015568261966109276,0.051954757422208786,16,43.49951871460691,-0.004431738518178463,0.004431738033890725
0.018250000000000002,0.015570968389511108,0.05412973463535309,16,43.439627865605495,-0.004429031163454056,0.004429031610488892
0.0183,0.015573783777654171,0.05630171671509743,16,43.37869341219754,-0.004426214843988419,0.004426216222345829
0.01835,0.015576707199215889,0.058470651507377625,16,43.31673475419394,-0.004423291422426701,0.0044232928007841114
0.0184,0.015579738654196262,0.0606364868581295,16,43.25376198521035,-0.0044202618300914764,0.004420261345803738
0.01845,0.015582879073917866,0.06279917806386948,16,43.18972924920258,-0.004417121410369873,0.004417120926082135
0.018500000000000003,0.01558612659573555,0.06495866179466248,16,43.12466542090967,-0.004413872957229614,0.0044138734042644505
0.01855,0.01558948215097189,0.06711489707231522,16,43.05857111901914,-0.0044105164706707,0.004410517849028111
0.018600000000000002,0.015592945739626884,0.06926782429218292,16,42.99147516202571,-0.004407054744660854,0.004407054260373116
0.01865,0.01559651643037796,0.07141739875078201,16,42.92333169388517,-0.004403483122587204,0.00440348356962204
0.0187,0.015600194223225117,0.07356356829404831,16,42.85418803299402,-0.004399806261062622,0.004399805776774884
0.01875,0.015603979118168354,0.07570628076791763,16,42.78401704818711,-0.004396021366119385,0.004396020881831646
0.0188,0.015607871115207672,0.0778454840183258,16,42.71281952688493,-0.004392128437757492,0.004392128884792328
0.018850000000000002,0.015611870214343071,0.07998112589120865,16,42.64062417509354,-0.004388130269944668,0.004388129785656929
0.0189,0.015615975484251976,0.08211315423250198,16,42.567413167843014,-0.004384025000035763,0.004384024515748024
0.01895,0.015620187856256962,0.08424152433872223,16,42.49318718006517,-0.004379812628030777,0.004379812143743039
0.019,0.015624506399035454,0.0863661840558052,16,42.417956305375675,-0.004375494085252285,0.004375493600964547
0.01905,0.015628930181264877,0.08848708122968674,16,42.34172133119502,-0.004371069371700287,0.004371069818735123
0.019100000000000002,0.015633460134267807,0.09060416370630264,16,42.264492351138855,-0.004366539418697357,0.004366539865732193
0.01915,0.015638096258044243,0.09271738678216934,16,42.186279346334246,-0.0043619051575660706,0.0043619037419557576
0.019200000000000002,0.015642836689949036,0.09482669830322266,16,42.1070458794208,-0.0043571628630161285,0.004357163310050965
0.01925,0.015647683292627335,0.096932053565979,16,42.026829850111206,-0.00435231626033783,0.004352316707372666
0.0193,0.01565263420343399,0.09903339296579361,16,41.94563215831455,-0.004347365349531174,0.00434736579656601
0.019350000000000003,0.015657691285014153,0.10113067179918289,16,41.863453478962654,-0.004342310130596161,0.004342308714985848
0.0194,0.01566285267472267,0.10322384536266327,16,41.78025726220655,-0.004337146878242493,0.004337147325277329
0.019450000000000002,0.015668118372559547,0.10531286150217056,16,41.69608152024751,-0.0043318793177604675,0.004331881627440453
0.0195,0.01567348837852478,0.1073976680636406,16,41.61096426528683,-0.004326511174440384,0.00432651162147522
0.01955,0.01567896269261837,0.10947821289300919,16,41.52486905996415,-0.004321038722991943,0.00432103730738163
0.0196,0.015684541314840317,0.11155445873737335,16,41.43775924194186,-0.004315458238124847,0.004315458685159684
0.01965,0.01569022238254547,0.11362634599208832,16,41.34971016069069,-0.004309777170419693,0.004309777617454529
0.019700000000000002,0.015696007758378983,0.1156938299536705,16,41.26068526636165,-0.004303991794586182,0.004303992241621018
0.01975,0.0157018955796957,0.11775686591863632,16,41.17072245866741,-0.004298105835914612,0.004298104420304299
0.0198,0.01570788584649563,0.1198154017329216,16,41.0797853002476,-0.004292115569114685,0.004292114153504372
0.01985,0.015713978558778763,0.12186939269304276,16,40.98787446603405,-0.004286020994186401,0.004286021441221238
0.0199,0.015720173716545105,0.12391878664493561,16,40.89502796822805,-0.004279825836420059,0.0042798262834548954
0.019950000000000002,0.015726471319794655,0.12596353888511658,16,40.80120925698061,-0.00427352637052536,0.004273528680205346
0.02,0.015732871368527412,0.12800359725952148,16,40.70645634449302,-0.0042671263217926025,0.004267128631472588
0.020050000000000002,0.015739373862743378,0.13003891706466675,16,40.61076990569711,-0.0042606256902217865,0.004260626137256623
0.0201,0.0157459769397974,0.1320694535970688,16,40.5141133907439,-0.0042540207505226135,0.004254023060202599
0.02015,0.015752682462334633,0.13409516215324402,16,40.41652469934602,-0.004247315227985382,0.0042473175376653675
0.020200000000000003,0.015759488567709923,0.13611598312854767,16,40.318041956193426,-0.004240512847900391,0.004240511432290078
0.02025,0.01576639525592327,0.13813188672065735,16,40.21859116167901,-0.004233606159687042,0.004233604744076729
0.020300000000000002,0.015773402526974678,0.14014281332492828,16,40.11817321571186,-0.004226595163345337,0.004226597473025322
0.02035,0.015780510380864143,0.1421487182378769,16,40.01686324278548,-0.004219487309455872,0.004219489619135857
0.0204,0.015787716954946518,0.1441495567560196,16,39.9146619178317,-0.004212282598018646,0.0042122830450534825
0.02045,0.01579502411186695,0.1461452841758728,16,39.811495466220684,-0.004204973578453064,0.004204975888133049
0.0205,0.015802429988980293,0.14813585579395294,16,39.70743901244593,-0.004197567701339722,0.004197570011019707
0.020550000000000002,0.015809936448931694,0.15012122690677643,16,39.602493231439254,-0.004190064966678619,0.004190063551068306
0.0206,0.015817541629076004,0.15210135281085968,16,39.496584348570835,-0.00418245792388916,0.004182458370923996
0.02065,0.015825245529413223,0.15407618880271912,16,39.38978748833415,-0.004174754023551941,0.004174754470586777
0.0207,0.015833048149943352,0.15604567527770996,16,39.282103550638325,-0.004166953265666962,0.004166951850056649
0.02075,0.01584094949066639,0.15800978243350983,16,39.17345853587626,-0.0041590481996536255,0.004159050509333611
0.020800000000000003,0.015848947688937187,0.15996845066547394,16,39.064002243080346,-0.004151053726673126,0.004151052311062813
0.02085,0.015857044607400894,0.1619216501712799,16,38.953586223081835,-0.00414295494556427,0.004142955392599106
0.020900000000000002,0.01586523838341236,0.16386933624744415,16,38.84228560037422,-0.004134759306907654,0.004134761616587639
0.02095,0.015873529016971588,0.1658114492893219,16,38.730138499647424,-0.004126470535993576,0.004126470983028412
0.021,0.015881916508078575,0.16774795949459076,16,38.61710814607518,-0.004118084907531738,0.004118083491921425
0.021050000000000003,0.015890400856733322,0.16967882215976715,16,38.5031579898085,-0.004109598696231842,0.004109599143266678
0.0211,0.01589898020029068,0.1716039776802063,16,38.388363380318125,-0.004101019352674484,0.0041010197997093205
0.021150000000000002,0.015907656401395798,0.17352339625358582,16,38.27268754277779,-0.0040923431515693665,0.004092343598604203
0.0212,0.015916427597403526,0.17543703317642212,16,38.15616837690014,-0.004083573818206787,0.004083572402596474
0.02125,0.015925295650959015,0.17734484374523163,16,38.03873210805538,-0.004074703902006149,0.0040747043490409855
0.0213,0.015934258699417114,0.17924678325653076,16,37.92045386073696,-0.00406574085354805,0.004065741300582886
0.02135,0.015943316742777824,0.18114280700683594,16,37.80133430987673,-0.004056684672832489,0.004056683257222176
0.021400000000000002,0.015952467918395996,0.18303287029266357,16,37.68133690562569,-0.004047531634569168,0.004047532081604004
0.02145,0.01596171408891678,0.18491694331169128,16,37.56049932271922,-0.004038285464048386,0.004038285911083222
0.021500000000000002,0.015971053391695023,0.1867949664592743,16,37.438822461066415,-0.004028946161270142,0.004028946608304978
0.02155,0.015980485826730728,0.1886669099330902,16,37.31630677062185,-0.004019513726234436,0.004019514173269272
0.0216,0.015990013256669044,0.19053272902965546,16,37.1929157015365,-0.0040099844336509705,0.004009986743330956
0.021650000000000003,0.015999631956219673,0.19239237904548645,16,37.06872437830387,-0.004000365734100342,0.004000368043780327
0.0217,0.016009343788027763,0.1942458152770996,16,36.94373347585578,-0.00399065762758255,0.003990656211972237
0.021750000000000002,0.016019148752093315,0.19609300792217255,16,36.81786899458513,-0.003980852663516998,0.003980851247906685
0.0218,0.01602904498577118,0.19793389737606049,16,36.69116905918186,-0.003970954567193985,0.003970955014228821
0.02185,0.016039032489061356,0.19976845383644104,16,36.563671344381355,-0.003960967063903809,0.003960967510938645
0.0219,0.016049113124608994,0.20159663259983063,16,36.43533930033459,-0.003950886428356171,0.003950886875391007
0.02195,0.016059283167123795,0.20341840386390686,16,36.30621060177697,-0.00394071638584137,0.003940716832876206
0.022000000000000002,0.016069544479250908,0.20523370802402496,16,36.17628614861759,-0.0039304569363594055,0.0039304555207490925
0.02205,0.016079897060990334,0.20704251527786255,16,36.04549194124936,-0.003920100629329681,0.003920102939009667
0.0221,0.016090339049696922,0.20884479582309723,16,35.91397732875012,-0.003909662365913391,0.003909660950303078
0.02215,0.016100870445370674,0.21064049005508423,16,35.7815943119057,-0.003899127244949341,0.0038991295546293263
0.0222,0.01611149124801159,0.21242956817150116,16,35.64849223979394,-0.0038885101675987244,0.0038885087519884114
0.022250000000000002,0.016122201457619667,0.21421198546886444,16,35.51452288822336,-0.003877796232700348,0.0038777985423803334
0.0223,0.016133001074194908,0.21598771214485168,16,35.379835606271826,-0.0038670003414154053,0.0038669989258050923
0.022350000000000002,0.016143888235092163,0.2177567034959793,16,35.24431939452868,-0.003856111317873001,0.0038561117649078373
0.0224,0.01615486480295658,0.21951891481876373,16,35.1080121527066,-0.003845132887363434,0.0038451351970434193
0.02245,0.016165928915143013,0.22127431631088257,16,34.97095155554094,-0.003834068775177002,0.0038340710848569874
0.022500000000000003,0.01617708057165146,0.22302286326885223,16,34.83313827796354,-0.0038229189813137054,0.0038229194283485417
0.02255,0.01618831790983677,0.22476452589035034,16,34.694535545148135,-0.003811679780483246,0.0038116820901632313
0.022600000000000002,0.016199642792344093,0.2264992594718933,16,34.555181256807366,-0.0038003548979759216,0.003800357207655907
0.02265,0.016211053356528282,0.22822701930999756,16,34.415113312653894,-0.0037889480590820312,0.0037889466434717183
0.0227,0.016222551465034485,0.2299477756023407,16,34.274220488299804,-0.0037774480879306793,0.0037774485349655156
0.02275,0.016234135255217552,0.23166148364543915,16,34.13261513301939,-0.0037658661603927612,0.0037658647447824482
0.0228,0.016245802864432335,0.23336811363697052,16,33.990260471986396,-0.0037541985511779785,0.0037541971355676655
0.022850000000000002,0.016257556155323982,0.23506762087345123,16,33.8471199553518,-0.0037424415349960327,0.003742443844676018
0.0229,0.016269393265247345,0.2367599755525589,16,33.70330570741265,-0.003730606287717819,0.0037306067347526554
0.02295,0.016281316056847572,0.23844514787197113,16,33.558706503781025,-0.0037186816334724426,0.003718683943152428
0.023,0.016293322667479515,0.24012307822704315,16,33.4134349187085,-0.0037066787481307983,0.0037066773325204853
0.02305,0.016305413097143173,0.24179375171661377,16,33.26737950282988,-0.003694586455821991,0.003694586902856827
0.023100000000000002,0.016317585483193398,0.2434571236371994,16,33.12061538063863,-0.0036824122071266174,0.003682414516806603
0.02315,0.016329841688275337,0.24511314928531647,16,32.973143227066615,-0.0036701560020446777,0.003670158311724663
0.023200000000000002,0.016342179849743843,0.24676181375980377,16,32.82496326709107,-0.003657817840576172,0.0036578201502561573
0.02325,0.016354599967598915,0.24840305745601654,16,32.67607640062113,-0.0036453977227211,0.0036454000324010853
0.0233,0.016367102041840553,0.2500368654727936,16,32.526482852634054,-0.0036328956484794617,0.003632897958159447
0.023350000000000003,0.016379686072468758,0.2516631782054901,16,32.37618352303897,-0.0036203116178512573,0.003620313927531243
0.0234,0.01639235019683838,0.25328198075294495,16,32.225215861593966,-0.0036076493561267853,0.0036076498031616215
0.023450000000000002,0.016405094414949417,0.2548932433128357,16,32.07354309347276,-0.003594905138015747,0.0035949055850505833
0.0235,0.016417918726801872,0.2564969062805176,16,31.921203343365292,-0.003582082688808441,0.003582081273198128
0.02355,0.016430823132395744,0.2580929696559906,16,31.768159386490744,-0.003569178283214569,0.003569176867604256
0.0236,0.016443807631731033,0.25968137383461,16,31.614412122758214,-0.003556191921234131,0.003556192368268967
0.02365,0.01645687036216259,0.26126208901405334,16,31.460036451683912,-0.0035431310534477234,0.0035431296378374104
0.023700000000000002,0.016470011323690414,0.2628350853919983,16,31.30495837366074,-0.0035299882292747498,0.003529988676309586
0.02375,0.016483230516314507,0.26440033316612244,16,31.149252788204898,-0.003516770899295807,0.003516769483685494
0.0238,0.016496527940034866,0.2659578025341034,16,30.99284569570929,-0.003503471612930298,0.003503472059965134
0.02385,0.016509903594851494,0.2675074338912964,16,30.835812445644674,-0.0034900978207588196,0.0034900964051485066
0.0239,0.01652335561811924,0.2690492272377014,16,30.678078588449388,-0.003476642072200775,0.0034766443818807606
0.023950000000000003,0.016536884009838104,0.2705831229686737,16,30.519756698375033,-0.00346311554312706,0.003463115990161896
0.024,0.016550488770008087,0.27210912108421326,16,30.360772325859944,-0.003449510782957077,0.0034495112299919133
0.024050000000000002,0.01656416989862919,0.2736271619796753,16,30.20112637081325,-0.0034358277916908264,0.003435830101370812
0.0241,0.01657792739570141,0.2751372158527374,16,30.04089373275112,-0.003422074019908905,0.003422072604298592
0.02415,0.016591759398579597,0.27663925290107727,16,29.879963187285657,-0.0034082382917404175,0.003408240601420403
0.024200000000000003,0.016605665907263756,0.27813324332237244,16,29.718484083494705,-0.0033943355083465576,0.0033943340927362446
0.02425,0.016619646921753883,0.27961915731430054,16,29.556307972209517,-0.0033803507685661316,0.003380353078246117
0.024300000000000002,0.01663370244204998,0.2810969650745392,16,29.393584202507952,-0.0033662989735603333,0.0033662975579500203
0.02435,0.016647830605506897,0.282566636800766,16,29.230201550002086,-0.003352168947458267,0.0033521693944931034
0.0244,0.016662031412124634,0.28402814269065857,16,29.06623491420812,-0.0033379681408405304,0.0033379685878753666
0.02445,0.01667630486190319,0.28548145294189453,16,28.901684745080605,-0.003323696553707123,0.00332369513809681
0.0245,0.016690650954842567,0.2869265377521515,16,28.73647704301245,-0.0033093467354774475,0.003309349045157433
0.024550000000000002,0.016705069690942764,0.28836336731910706,16,28.570723932300673,-0.0032949298620224,0.003294930309057236
0.0246,0.016719559207558632,0.28979191184043884,16,28.404351413338198,-0.003280438482761383,0.0032804407924413685
0.024650000000000002,0.01673411950469017,0.29121214151382446,16,28.237434385641198,-0.003265880048274994,0.00326588049530983
0.0247,0.01674875058233738,0.29262402653694153,16,28.069898849602605,-0.0032512471079826355,0.003251249417662621
0.02475,0.01676345244050026,0.29402750730514526,16,27.901820154693162,-0.003236547112464905,0.003236547559499741
0.024800000000000003,0.01677822321653366,0.29542258381843567,16,27.73316107613204,-0.0032217763364315033,0.0032217767834663395
0.02485,0.016793062910437584,0.29680925607681274,16,27.563958838700074,-0.0032069385051727295,0.0032069370895624165
0.024900000000000002,0.01680797152221203,0.2981874644756317,16,27.394177117525544,-0.003192029893398285,0.003192028477787972
0.02495,0.016822949051856995,0.2995571792125702,16,27.223816362562996,-0.0031770505011081696,0.003177050948143006
0.025,0.016837995499372482,0.3009183704853058,16,27.052914248547808,-0.003162004053592682,0.003162004500627518
0.025050000000000003,0.016853109002113342,0.3022710084915161,16,26.881471225434545,-0.003146890550851822,0.003146890997886658
0.0251,0.016868289560079575,0.30361509323120117,16,26.70948729322319,-0.0031317099928855896,0.003131710439920426
0.025150000000000002,0.01688353717327118,0.3049505650997162,16,26.53696335182287,-0.003116462379693985,0.0031164628267288212
0.0252,0.016898851841688156,0.30627742409706116,16,26.363899401233564,-0.003101147711277008,0.0031011481583118443
0.02525,0.016914231702685356,0.3075956106185913,16,26.190333566145227,-0.0030857697129249573,0.0030857682973146443
0.0253,0.01692967675626278,0.30890512466430664,16,26.01622862177701,-0.003070324659347534,0.003070323243737221
0.02535,0.016945187002420425,0.31020593643188477,16,25.841585018083478,-0.0030548125505447388,0.003054812997579575
0.025400000000000002,0.016960762441158295,0.3114980161190033,16,25.66644042980001,-0.0030392371118068695,0.0030392375588417057
0.02545,0.016976401209831238,0.31278133392333984,16,25.49079530688115,-0.0030235983431339264,0.0030235987901687626
0.025500000000000002,0.016992103308439255,0.314055860042572,16,25.314650099281465,-0.0030078962445259094,0.0030078966915607457
0.02555,0.017007868736982346,0.31532159447669983,16,25.138004807000943,-0.0029921308159828186,0.002992131263017655
0.0256,0.01702369749546051,0.3165785074234009,16,24.960859879994146,-0.002976302057504654,0.00297630250453949
0.025650000000000003,0.01703958958387375,0.3178265392780304,16,24.783216218170175,-0.0029604099690914154,0.0029604104161262516
0.0257,0.017055543139576912,0.3190656900405884,16,24.605073821529032,-0.002944454550743103,0.0029444568604230885
0.025750000000000002,0.01707155816257,0.32029592990875244,16,24.42650758958692,-0.0029284432530403137,0.0029284418374300007
0.0258,0.017087634652853012,0.3215172588825226,16,24.247405848001364,-0.002912364900112152,0.0029123653471469883
0.02585,0.0171037707477808,0.32272961735725403,16,24.06784394624312,-0.002896226942539215,0.0028962292522192006
0.025900000000000003,0.017119968309998512,0.3239330053329468,16,23.88782188431219,-0.0028800293803215027,0.002880031690001488
0.02595,0.017136225476861,0.32512739300727844,16,23.707340112163124,-0.002863772213459015,0.0028637745231390004
0.026000000000000002,0.017152540385723114,0.32631275057792664,16,23.5264363045313,-0.00284745916724205,0.0028474596142768864
0.02605,0.017168914899230003,0.32748907804489136,16,23.345073236635898,-0.00283108651638031,0.002831085100769997
0.0261,0.01718534715473652,0.3286563456058502,16,23.16321413365064,-0.002814650535583496,0.0028146528452634816
0.02615,0.01720183715224266,0.32981449365615845,16,22.980971569827112,-0.0027981624007225037,0.00279816284775734
0.0262,0.01721838489174843,0.3309635519981384,16,22.798270645649108,-0.002781614661216736,0.002781615108251572
0.026250000000000002,0.017234990373253822,0.3321034610271454,16,22.61511226102574,-0.0027650073170661926,0.002765009626746178
0.0263,0.017251651734113693,0.3332342207431793,16,22.431570865518648,-0.002748347818851471,0.002748348265886307
0.026350000000000002,0.01726836897432804,0.33435580134391785,16,22.24757245952074,-0.002731628715991974,0.0027316310256719593
0.0264,0.017285142093896866,0.3354681730270386,16,22.063191942548226,-0.0027148574590682983,0.0027148579061031346
0.02645,0.017301971092820168,0.3365713357925415,16,21.878354865039448,-0.0026980265974998474,0.002698028907179833
0.026500000000000003,0.017318854108452797,0.33766525983810425,16,21.693136126510606,-0.002681143581867218,0.0026811458915472035
0.02655,0.017335791140794754,0.3387499153614044,16,21.507536176916265,-0.00266420841217041,0.0026642088592052464
0.026600000000000002,0.01735278218984604,0.339825302362442,16,21.32151779147559,-0.0026472173631191254,0.0026472178101539616
0.02665,0.01736982725560665,0.34089139103889465,16,21.135118644923963,-0.002630174160003662,0.002630172744393349
0.0267,0.017386924475431442,0.34194815158843994,16,20.94830196243511,-0.002613075077533722,0.002613075524568558
0.026750000000000003,0.01740407384932041,0.3429955542087555,16,20.761105418744414,-0.0025959238409996033,0.0025959261506795887
0.0268,0.01742127537727356,0.3440335988998413,16,20.5735662386327,-0.0025787241756916046,0.002578724622726441
0.026850000000000002,0.017438529059290886,0.3450622856616974,16,20.385647197319134,-0.0025614723563194275,0.0025614709407091145
0.0269,0.01745583303272724,0.34608155488967896,16,20.197311969932006,-0.0025441646575927734,0.002544166967272759
0.02695,0.017473187297582626,0.347091406583786,16,20.008672230813787,-0.002526812255382538,0.002526812702417374
0.027,0.01749059185385704,0.34809184074401855,16,19.819653530402828,-0.0025094076991081238,0.00250940814614296
0.02705,0.017508046701550484,0.3490828275680542,16,19.630256318653686,-0.0024919509887695312,0.0024919532984495167
0.027100000000000003,0.017525549978017807,0.35006433725357056,16,19.440555495082556,-0.002474449574947357,0.0024744500219821934
0.02715,0.01754310168325901,0.3510363698005676,16,19.250476610127794,-0.0024568960070610046,0.00245689831674099
0.027200000000000002,0.017560701817274094,0.351998895406723,16,19.060094563305608,-0.0024392977356910706,0.002439298182725907
0.02725,0.017578348517417908,0.35295191407203674,16,18.86937212983516,-0.0024216510355472565,0.0024216514825820927
0.0273,0.017596043646335602,0.3538953959941864,16,18.678309759671016,-0.0024039559066295624,0.0024039563536643986
0.027350000000000003,0.017613785341382027,0.3548293113708496,16,18.48690790276772,-0.0023862123489379883,0.0023862146586179737
0.0274,0.017631573602557182,0.35575366020202637,16,18.295241008686922,-0.002368427813053131,0.002368426397442818
0.027450000000000002,0.01764940656721592,0.3566684126853943,16,18.103197853040708,-0.0023505911231040955,0.002350593432784081
0.0275,0.017667286098003387,0.35757356882095337,16,17.91089011017155,-0.0023327134549617767,0.002332713901996613
0.02755,0.017685210332274437,0.3584690988063812,16,17.71828100525318,-0.0023147910833358765,0.0023147896677255635
0.027600000000000003,0.01770317740738392,0.35935500264167786,16,17.525333313504756,-0.002296820282936096,0.0022968225926160817
0.02765,0.017721189185976982,0.36023128032684326,16,17.332158709268768,-0.0022788122296333313,0.0022788108140230183
0.027700000000000002,0.017739243805408478,0.36109790205955505,16,17.138645968157295,-0.0022607557475566864,0.0022607561945915226
0.02775,0.017757341265678406,0.36195483803749084,16,16.944869989686534,-0.0022426582872867584,0.0022426587343215947
0.027800000000000002,0.017775481566786766,0.36280208826065063,16,16.75083077385649,-0.0022245198488235474,0.0022245184332132344
0.02785,0.01779366284608841,0.36363962292671204,16,16.556491545840885,-0.0022063367068767548,0.002206337153911591
0.0279,0.017811886966228485,0.36446744203567505,16,16.361889530420548,-0.002188112586736679,0.0021881130337715153
0.027950000000000003,0.017830152064561844,0.3652855455875397,16,16.167024727595475,-0.0021698474884033203,0.0021698479354381565
0.028,0.017848456278443336,0.3660939037799835,16,15.97189758732023,-0.0021515414118766785,0.002151543721556664
0.028050000000000002,0.017866801470518112,0.3668924868106842,16,15.776545784330184,-0.002133198082447052,0.0021331985294818882
0.0281,0.01788518577814102,0.3676813244819641,16,15.58093164388995,-0.0021148137748241425,0.0021148142218589787
0.02815,0.017903609201312065,0.36846035718917847,16,15.385093290689479,-0.0020963922142982483,0.0020963907986879353
0.028200000000000003,0.017922069877386093,0.36922961473464966,16,15.188993049993375,-0.002077929675579071,0.0020779301226139073
0.02825,0.017940569669008255,0.3699890673160553,16,14.992668596537023,-0.002059429883956909,0.0020594303309917454
0.028300000000000002,0.0179591067135334,0.3707387149333954,16,14.796119930320426,-0.0020408928394317627,0.002040893286466599
0.02835,0.017977681010961533,0.37147852778434753,16,14.599347501298134,-0.0020223185420036316,0.002022318989038468
0.0284,0.0179962906986475,0.37220850586891174,16,14.402351309470147,-0.002003706991672516,0.0020037093013525013
0.028450000000000003,0.01801493763923645,0.3729286193847656,16,14.205169029571842,-0.001985061913728714,0.0019850623607635502
0.0285,0.018033619970083237,0.3736388683319092,16,14.0077634368224,-0.0019663795828819275,0.0019663800299167637
0.028550000000000002,0.01805233769118786,0.3743392527103424,16,13.810171756002637,-0.0019476637244224548,0.0019476623088121418
0.0286,0.018071088939905167,0.3750297725200653,16,13.612356762331736,-0.0019289106130599976,0.0019289110600948338
0.028650000000000002,0.01808987371623516,0.3757103979587555,16,13.414393355325895,-0.0019101276993751526,0.0019101262837648396
0.0287,0.01810869202017784,0.37638112902641296,16,13.216207085423465,-0.001891307532787323,0.0018913079798221592
0.02875,0.018127543851733208,0.37704193592071533,16,13.017872852140648,-0.0018724575638771057,0.0018724561482667927
0.028800000000000003,0.01814642921090126,0.3776928186416626,16,12.819316205915802,-0.0018535703420639038,0.00185357078909874
0.02885,0.01816534623503685,0.37833377718925476,16,12.620611596310564,-0.0018346533179283142,0.0018346537649631504
0.028900000000000002,0.018184294924139977,0.3789648115634918,16,12.421759023324947,-0.001815706491470337,0.001815705075860024
0.02895,0.01820327341556549,0.3795858919620514,16,12.22272171213267,-0.0017967261373996735,0.0017967265844345097
0.029,0.018222283571958542,0.38019701838493347,16,12.023536887514563,-0.0017777159810066223,0.0017777164280414585
0.029050000000000003,0.01824132353067398,0.38079819083213806,16,11.824204549470624,-0.0017586760222911835,0.0017586764693260197
0.0291,0.018260393291711807,0.38138940930366516,16,11.624724698000854,-0.001739606261253357,0.0017396067082881932
0.029150000000000002,0.018279490992426872,0.3819706439971924,16,11.425135007840625,-0.0017205104231834412,0.0017205090075731282
0.0292,0.018298618495464325,0.3825418949127197,16,11.2253610294283,-0.0017013810575008392,0.0017013815045356755
0.02925,0.018317773938179016,0.3831031620502472,16,11.025477212325516,-0.001682225614786148,0.0016822260618209843
0.029300000000000003,0.018336957320570946,0.3836544454097748,16,10.825483556532282,-0.0016630440950393677,0.0016630426794290547
0.02935,0.018356166779994965,0.3841957151889801,16,10.625343287222323,-0.0016438327729701996,0.0016438332200050358
0.029400000000000003,0.018375402316451073,0.38472697138786316,16,10.425130853957285,-0.0016245990991592407,0.0016245976835489277
0.02945,0.01839466392993927,0.38524821400642395,16,10.224771807175523,-0.0016053356230258942,0.0016053360700607304
0.029500000000000002,0.018413951620459557,0.3857594430446625,16,10.024340596438687,-0.0015860497951507568,0.0015860483795404438
0.02955,0.018433265388011932,0.38626065850257874,16,9.823762772185127,-0.0015667341649532318,0.001566734611988068
0.0296,0.018452603369951248,0.38675186038017273,16,9.623112783976488,-0.001547396183013916,0.0015473966300487522
0.029650000000000003,0.018471965566277504,0.38723301887512207,16,9.422353856986504,-0.001528032124042511,0.0015280344337224964
0.0297,0.01849135011434555,0.38770413398742676,16,9.221560440776825,-0.0015086494386196136,0.0015086498856544499
0.029750000000000002,0.018510758876800537,0.3881652057170868,16,9.020658085785797,-0.001489240676164627,0.0014892411231994633
0.0298,0.018530189990997314,0.3886162340641022,16,8.819684016794245,-0.0014698095619678497,0.001469810009002686
0.02985,0.018549643456935883,0.3890572190284729,16,8.618638233802173,-0.0014503560960292816,0.0014503565430641178
0.029900000000000003,0.018569117411971092,0.389488160610199,16,8.417557961590404,-0.0014308840036392212,0.0014308825880289082
0.02995,0.018588613718748093,0.389909029006958,16,8.21636920055184,-0.0014113858342170715,0.0014113862812519078
0.030000000000000002,0.018608130514621735,0.3903198540210724,16,8.01514595029358,-0.0013918690383434296,0.0013918694853782658
0.03005,0.01862766593694687,0.3907206058502197,16,7.813888660770176,-0.0013723336160182953,0.0013723340630531315
0.030100000000000002,0.018647221848368645,0.3911113142967224,16,7.612596882027073,-0.0013527795672416687,0.0013527781516313557
0.03015,0.018666796386241913,0.39149194955825806,16,7.411233839238004,-0.0013332031667232513,0.0013332036137580876
0.0302,0.018686389550566673,0.39186251163482666,16,7.2098739819646145,-0.0013136118650436401,0.0013136104494333271
0.030250000000000003,0.018706001341342926,0.3922230005264282,16,7.008442860645256,-0.0012939982116222382,0.0012939986586570744
0.0303,0.018725629895925522,0.39257341623306274,16,6.807014924841581,-0.0012743696570396423,0.0012743701040744786
0.030350000000000002,0.01874527521431446,0.3929137587547302,16,6.605552949772759,-0.0012547224760055542,0.0012547247856855397
0.0304,0.018764937296509743,0.39324402809143066,16,6.404094160219621,-0.0012350603938102722,0.0012350627034902577
0.03045,0.018784616142511368,0.39356422424316406,16,6.202638556182164,-0.0012153834104537964,0.0012153838574886326
0.030500000000000003,0.018804309889674187,0.3938743472099304,16,6.001186137660387,-0.0011956915259361267,0.0011956901103258137
0.03055,0.0188240185379982,0.39417439699172974,16,5.799699679873466,-0.0011759810149669647,0.001175981462001801
0.030600000000000002,0.018843742087483406,0.394464373588562,16,5.5982164076022265,-0.0011562556028366089,0.0011562579125165943
0.03065,0.018863478675484657,0.39474427700042725,16,5.396773545627495,-0.0011365190148353577,0.0011365213245153431
0.0307,0.018883230164647102,0.39501410722732544,16,5.195333869168442,-0.0011167675256729126,0.001116769835352898
0.030750000000000003,0.018902994692325592,0.3952738642692566,16,4.993934603005896,-0.0010970048606395721,0.0010970053076744084
0.0308,0.018922770395874977,0.3955235481262207,16,4.792538522359033,-0.0010772272944450378,0.0010772296041250233
0.030850000000000002,0.018942559137940407,0.39576318860054016,16,4.5911824020541205,-0.0010574385523796082,0.0010574408620595936
0.0309,0.018962359055876732,0.3959927558898926,16,4.389903916826541,-0.0010376423597335815,0.0010376409441232685
0.030950000000000002,0.018982170149683952,0.39621224999427795,16,4.188628617114643,-0.001017831265926361,0.001017829850316048
0.031,0.01900199055671692,0.3964216709136963,16,3.9873937276992515,-0.0009980089962482452,0.0009980094432830815
0.03105,0.01902182213962078,0.39662104845046997,16,3.786236023406636,-0.0009781792759895325,0.0009781778603792195
0.031100000000000003,0.01904166303575039,0.3968103528022766,16,3.5851187294105284,-0.0009583383798599243,0.0009583369642496113
0.03115,0.019061513245105743,0.3969896137714386,16,3.3840413957563737,-0.0009384863078594208,0.000938486754894257
0.031200000000000002,0.019081370905041695,0.39715880155563354,16,3.1830416971795494,-0.0009186267852783203,0.0009186290949583058
0.03125,0.019101236015558243,0.39731794595718384,16,2.9821564085063286,-0.0008987635374069214,0.0008987639844417576
0.0313,0.019121108576655388,0.3974670469760895,16,2.7813483049558867,-0.0008788928389549255,0.0008788914233446125
0.03135,0.01914098858833313,0.39760610461235046,16,2.580580161747397,-0.0008590109646320343,0.0008590114116668705
0.031400000000000004,0.01916087605059147,0.3977351188659668,16,2.3798892036616857,-0.0008391216397285461,0.0008391239494085316
0.03145,0.019180769100785255,0.39785411953926086,16,2.179312205525025,-0.0008192285895347595,0.000819230899214745
0.0315,0.01920066773891449,0.3979630768299103,16,1.9788496172919674,-0.0007993318140506744,0.0007993322610855107
0.03155,0.019220570102334023,0.3980620205402374,16,1.778463764227135,-0.0007794275879859924,0.0007794298976659779
0.0316,0.019240478053689003,0.3981509506702423,16,1.5781918711113514,-0.000759519636631012,0.0007595219463109974
0.031650000000000005,0.019260389730334282,0.3982298672199249,16,1.3780711627254432,-0.0007396116852760315,0.0007396102696657185
0.0317,0.01928030513226986,0.3982987701892853,16,1.17802718950776,-0.0007196962833404541,0.0007196948677301411
0.03175,0.019300222396850586,0.39835765957832336,16,0.9780971762391258,-0.0006997771561145782,0.0006997776031494145
0.0318,0.01932014338672161,0.3984065651893616,16,0.7783178977458148,-0.0006798580288887024,0.0006798566132783894
0.03185,0.019340066239237785,0.3984454870223999,16,0.578652129247,-0.0006599351763725281,0.0006599337607622151
0.031900000000000005,0.01935998909175396,0.39847442507743835,16,0.3791370955235076,-0.0006400123238563538,0.0006400109082460408
0.03195,0.019379913806915283,0.39849337935447693,16,0.17973557179451152,-0.000620085746049881,0.0006200861930847172
0.032,0.019399838522076607,0.398502379655838,16,0.0,-0.0006001591682434082,0.0006001614779233937
