tag,dt_ms,friction_timeconst_ms,friction_solreffriction,impratio,noslip_iterations,trace,wall_s,tail_slope_um_s,tail_slope_R2,tail_vt_mean_um_s,tail_vt_std_um_s,tail_vt_rms_um_s,hold_displacement_um,tail_Fn_mean_N,tail_Fn_cv,tail_Fn_balance_error_pct,tail_Ft_mean_N,tail_rho_mean,tail_contact_duty,tail_contacts_mean,tail_gap_std_um,tail_max_body_vz_rms_mm_s,tail_solver_iterations_mean,valid_steady_contact
dt0.25ms_tfrinherit_ir1_ns0,0.25,,"[0.0, 0.0]",1.0,0,dt0.25ms_tfrinherit_ir1_ns0/trace.csv,1.003089290985372,289.7016246069836,0.9999929827400607,289.8189261245511,16.82536472449576,290.30691145424066,2250.6291930768043,9.806911165469872,0.0029534952289855324,-0.03148659052118794,3.9982726038546414,0.8153887430424979,1.0,4.0,0.06621920793929634,0.014175615566139096,1.0,True
dt0.25ms_tfrinherit_ir1_ns1,0.25,,"[0.0, 0.0]",1.0,1,dt0.25ms_tfrinherit_ir1_ns1/trace.csv,1.90671041700989,-0.7645966894355797,0.9999997856207867,-0.7645911257993177,0.000792593637951591,0.7645915366100666,-5.759112390302971,9.808915647809151,1.037508338293982e-08,-0.011053539152389989,3.9999999964791897,0.8155845437151051,1.0,8.0,0.0001017213272598239,1.7132190219155402e-06,5.0,True
dt0.25ms_tfrinherit_ir1_ns3,0.25,,"[0.0, 0.0]",1.0,3,dt0.25ms_tfrinherit_ir1_ns3/trace.csv,2.197882375010522,0.019846283856338312,0.9999603246223433,0.019861917304841433,0.00028318039324130395,0.019863935918127497,0.7377286924963969,9.808978468704858,9.84374411676692e-09,-0.010413163049365015,4.000000000684897,0.8155793212201928,1.0,5.0,7.59508432462416e-06,2.0659346287835973e-07,7.0,True
dt0.25ms_tfrinherit_ir10_ns0,0.25,,"[0.0, 0.0]",10.0,0,dt0.25ms_tfrinherit_ir10_ns0/trace.csv,0.9896456249989569,27.142605420502004,0.9999999423481339,27.142606175320342,0.014572944620329636,27.142610087448354,216.58702089667494,9.808814257391235,1.8427139492957935e-07,-0.012087080619420376,3.9999998911736836,0.8155929526669748,1.0,4.0,0.004343492797863936,1.154111927670866e-05,1.0,True
dt0.25ms_tfrinherit_ir10_ns1,0.25,,"[0.0, 0.0]",10.0,1,dt0.25ms_tfrinherit_ir10_ns1/trace.csv,1.7770787499903236,-0.0399169931621073,0.9999997618028634,-0.03991443437594616,4.430106557405407e-05,0.039914458960834266,-0.2746872974996233,9.80900816877696,4.702312791033549e-10,-0.010110410020792012,3.999999999958078,0.8155768516312326,1.0,8.0,1.0139887793770629e-06,8.395801277797174e-08,4.0,True
dt0.25ms_tfrinherit_ir10_ns3,0.25,,"[0.0, 0.0]",10.0,3,dt0.25ms_tfrinherit_ir10_ns3/trace.csv,1.9944370829907712,-0.0017033473510643259,0.9933876267610169,-0.0017241444135970814,0.0003169990020702566,0.0017530437319849045,-0.9545645393330596,9.809248128175481,5.999208723088941e-09,-0.007664340718852317,3.999999999297795,0.8155569003924861,1.0,8.0,4.165638855501989e-05,1.5740682268534467e-07,6.0,True
dt0.25ms_tfrinherit_ir100_ns0,0.25,,"[0.0, 0.0]",100.0,0,dt0.25ms_tfrinherit_ir100_ns0/trace.csv,0.9170610000146553,2.6975498031476013,0.9999999994341084,2.6975497759609612,0.00014349115370250007,2.697549779777334,21.619868849374352,9.808837535815432,1.7695944815324276e-08,-0.011849787814157898,3.999999998935739,0.8155910390666311,1.0,4.0,0.0004190934455682543,1.1209029174479346e-06,1.0,True
dt0.25ms_tfrinherit_ir100_ns1,0.25,,"[0.0, 0.0]",100.0,1,dt0.25ms_tfrinherit_ir100_ns1/trace.csv,1.7024457500083372,-0.010159069178058687,0.9999773841812639,-0.010150250035933608,0.00011089795445617147,0.01015085583329173,-0.07627193300273777,9.8090155931169,2.2068895227919794e-09,-0.010034728675845253,4.000000000289162,0.8155762343972639,1.0,8.0,4.630948264979029e-06,1.2177302511815538e-07,4.0,True
dt0.25ms_tfrinherit_ir100_ns3,0.25,,"[0.0, 0.0]",100.0,3,dt0.25ms_tfrinherit_ir100_ns3/trace.csv,2.263303249987075,-0.9920411362525355,0.4172873354167882,-0.9977802663483607,15.557960432829665,15.589922972529648,0.7457555347890497,9.80884239101193,0.00014984115080101843,-0.011800295495105247,3.9997427555428513,0.8155381194530973,1.0,8.0,0.00019557555825552468,0.0064732648401177525,6.471321695760598,True
dt0.25ms_tfr4ms_ir1_ns0,0.25,4.0,"[0.004, 1.0]",1.0,0,dt0.25ms_tfr4ms_ir1_ns0/trace.csv,1.089026166999247,627.7564926718461,0.9999649934957315,623.7294407144403,34.74138872816707,624.6962296226145,4716.982482837059,9.808931433848697,0.006378650102791997,-0.010892621318080374,3.999809595059021,0.8157169468137206,1.0,4.0,0.20275301114719285,0.025203294869375566,1.0099750623441397,True
dt0.25ms_tfr4ms_ir1_ns1,0.25,4.0,"[0.004, 1.0]",1.0,1,dt0.25ms_tfr4ms_ir1_ns1/trace.csv,1.8866279590001795,-2.53318045158647,0.999998836518327,-2.5331581293899808,0.006113962348474564,2.5331655076268,-16.140063986216735,9.808914568363736,1.827447009818701e-08,-0.011064542673438217,3.9999999854380497,0.8155846312168068,1.0,8.0,0.0003417704663346715,3.4556766910559055e-06,5.0,True
dt0.25ms_tfr4ms_ir1_ns3,0.25,4.0,"[0.004, 1.0]",1.0,3,dt0.25ms_tfr4ms_ir1_ns3/trace.csv,2.2037967079959344,0.03799645242627771,0.9999933696451143,0.03800909443827537,0.0002217697796240531,0.03800974140734044,0.4418354746177296,9.808978167566433,9.606940023515354e-09,-0.010416232758074687,4.00000000047173,0.8155793462152469,1.0,5.0,1.4206507071273853e-05,2.0705342582564124e-07,7.0,True
dt0.25ms_tfr4ms_ir10_ns0,0.25,4.0,"[0.004, 1.0]",10.0,0,dt0.25ms_tfr4ms_ir10_ns0/trace.csv,0.9081009170040488,54.661436391578356,0.9999997645806629,54.66145571629028,0.05930503920171941,54.6614878878323,434.90675964749266,9.808790673214155,3.79739564862451e-07,-0.012327490171720003,3.999999553640997,0.815594844849686,1.0,4.0,0.0090911873380072,2.4302644111923055e-05,1.0,True
dt0.25ms_tfr4ms_ir10_ns1,0.25,4.0,"[0.004, 1.0]",10.0,1,dt0.25ms_tfr4ms_ir10_ns1/trace.csv,1.712178749992745,-0.23572822131939775,0.9999997075552356,-0.23571141444346586,0.00028974605479308133,0.23571159252721446,1.7269890329909647,9.809005442181654,2.5220014865393873e-09,-0.010138204060617372,4.000000000016038,0.8155770783477889,1.0,8.0,2.3907019949974303e-05,1.366267850868217e-07,4.0,True
dt0.25ms_tfr4ms_ir10_ns3,0.25,4.0,"[0.004, 1.0]",10.0,3,dt0.25ms_tfr4ms_ir10_ns3/trace.csv,1.8217949170211796,0.21357239953198118,0.9958880711900298,0.0808479727560779,2.713957993260189,2.7151619443192776,2.5479815611988395,9.808454110548778,0.0012316410830217734,-0.015758302255067663,4.000294914119611,0.8156859648106817,1.0,6.1546134663341645,0.008768440063502038,0.0030405676624090986,5.187032418952619,True
dt0.25ms_tfr4ms_ir100_ns0,0.25,4.0,"[0.004, 1.0]",100.0,0,dt0.25ms_tfr4ms_ir100_ns0/trace.csv,0.9095398339850362,5.398775251475994,0.9999999977318345,5.398775157806296,0.000574938860320297,5.398775188420156,43.211850347511024,9.80883530167578,3.5495492419442086e-08,-0.01187256191866296,3.9999999957324945,0.8155912241791079,1.0,4.0,0.0008419310948005912,2.25315041982487e-06,1.0,True
dt0.25ms_tfr4ms_ir100_ns1,0.25,4.0,"[0.004, 1.0]",100.0,1,dt0.25ms_tfr4ms_ir100_ns1/trace.csv,1.7018051659979392,-0.02067599693603852,0.9999930424140895,-0.020666125145485343,0.00012514353752079855,0.020666504044802664,-0.14588237755547878,9.809015599146608,2.403358134222014e-09,-0.01003466721092896,4.000000000308177,0.815576233899797,1.0,8.0,4.5048830231598146e-06,1.2325711378655452e-07,4.0,True
dt0.25ms_tfr4ms_ir100_ns3,0.25,4.0,"[0.004, 1.0]",100.0,3,dt0.25ms_tfr4ms_ir100_ns3/trace.csv,1.885834499989869,0.002417182946133024,0.252041793872651,-0.00026958542222928813,0.010466312235336063,0.010469783575004018,-0.7450118397722136,9.80915480950891,2.73318965814371e-08,-0.008615601336303057,4.000000002143285,0.8155646597127256,1.0,5.0,1.7450746805936712e-05,1.399553536727258e-06,6.0,True
dt0.25ms_tfr8ms_ir1_ns0,0.25,8.0,"[0.008, 1.0]",1.0,0,dt0.25ms_tfr8ms_ir1_ns0/trace.csv,1.0007865420193411,134.3711963527317,0.9999999999999956,134.3711963489556,1.998559764604615e-05,134.3711963489571,366570.83207036543,0.0,,,0.0,,0.0,0.0,4.2148230662058437e-08,7.596618054438536e-11,0.8902743142144638,False
dt0.25ms_tfr8ms_ir1_ns1,0.25,8.0,"[0.008, 1.0]",1.0,1,dt0.25ms_tfr8ms_ir1_ns1/trace.csv,1.890529708005488,-10.567655152161334,0.9994420806690502,-10.194341467315306,3.53299802342974,10.789192415829039,-47.72526900654245,9.808938971453394,4.510122684735503e-05,-0.010815785388448875,4.00002403141283,0.8155875054025272,1.0,7.047381546134663,0.07066883638879713,0.002864869304941224,5.0,True
dt0.25ms_tfr8ms_ir1_ns3,0.25,8.0,"[0.008, 1.0]",1.0,3,dt0.25ms_tfr8ms_ir1_ns3/trace.csv,2.3326994589879178,0.03938007003201205,0.9920416590682414,0.040063158278924975,0.008153042871959481,0.040884333911098567,-0.9322562411688632,9.809183088094658,2.3839322833992188e-07,-0.00832733848463528,4.00000003199541,0.8155623146336025,1.0,8.0,2.70586377543377e-05,3.876188041589125e-06,7.0,True
dt0.25ms_tfr8ms_ir10_ns0,0.25,8.0,"[0.008, 1.0]",10.0,0,dt0.25ms_tfr8ms_ir10_ns0/trace.csv,0.9131129999877885,110.8664999710197,0.999999017871551,110.8667195624753,0.24568346019570989,110.86699178252812,877.0148865314801,9.808741312622487,8.075463841244034e-07,-0.012830656243762614,3.9999981204428954,0.8155986569445053,1.0,4.0,0.019927302312473978,5.390687429686095e-05,1.0,True
dt0.25ms_tfr8ms_ir10_ns1,0.25,8.0,"[0.008, 1.0]",10.0,1,dt0.25ms_tfr8ms_ir10_ns1/trace.csv,1.7253491670126095,-0.4931445812054372,0.999999793184188,-0.49312616475549803,0.0005059298870184698,0.49312642428845477,-0.46030576179181965,9.809005453063916,1.0196120957211756e-09,-0.010138093130319692,3.9999999992427844,0.8155770772853134,1.0,8.0,5.73027885155301e-05,4.741648304857175e-07,4.0,True
dt0.25ms_tfr8ms_ir10_ns3,0.25,8.0,"[0.008, 1.0]",10.0,3,dt0.25ms_tfr8ms_ir10_ns3/trace.csv,2.3475290420174133,-4.035721144944722e-05,0.9748178615011169,-3.2790753134934635e-05,0.00098826124409793,0.0009888050971132505,0.02688321694687082,9.809189706260446,1.038166644201231e-07,-0.00825987502094678,3.9999999424784294,0.8155617461298533,1.0,8.0,1.7853516850105287e-06,7.32318278006194e-07,7.0,True
dt0.25ms_tfr8ms_ir100_ns0,0.25,8.0,"[0.008, 1.0]",100.0,0,dt0.25ms_tfr8ms_ir100_ns0/trace.csv,0.9089537079853471,10.812279286095851,0.9999999908903986,10.812279033122161,0.0023075757567677644,10.812279279365614,86.44811444854489,9.808830815394872,7.140791134488468e-08,-0.011918293630259863,3.9999999828459023,0.815591594579847,1.0,4.0,0.0016989431820378705,4.5520169215852215e-06,1.0,True
dt0.25ms_tfr8ms_ir100_ns1,0.25,8.0,"[0.008, 1.0]",100.0,1,dt0.25ms_tfr8ms_ir100_ns1/trace.csv,1.7010130829876289,-0.047393583145609194,0.9999973435558777,-0.04738056840876954,0.00017671064622531795,0.047380897937782676,-0.3427411744875062,9.809014837501564,3.320980854007382e-09,-0.010042431176718186,4.000000000379874,0.8155762972418352,1.0,8.0,2.2422317168347156e-06,1.5227632726166036e-07,4.0,True
dt0.25ms_tfr8ms_ir100_ns3,0.25,8.0,"[0.008, 1.0]",100.0,3,dt0.25ms_tfr8ms_ir100_ns3/trace.csv,1.8920475420018192,-0.005984202108284964,0.994747123810142,-0.006157681110207461,0.0015407156995334906,0.0063475067169554665,-0.8285302265733651,9.809154416106088,4.1313140558061634e-08,-0.008619611558743733,4.000000003232522,0.8155646926435888,1.0,5.0,8.928473171767118e-06,1.400586076305652e-06,6.022443890274314,True
dt0.5ms_tfrinherit_ir1_ns0,0.5,,"[0.0, 0.0]",1.0,0,dt0.5ms_tfrinherit_ir1_ns0/trace.csv,0.5745441250037402,289.7454834042745,0.9999929575801714,289.74990675229844,1.7194330010910548,289.7550084343857,2250.724086857016,9.808500707079364,2.9592461670104742e-06,-0.015283312136963387,3.999980455201719,0.8156150618103173,1.0,4.0,0.06756375884741186,0.00015913024524716958,1.0,True
dt0.5ms_tfrinherit_ir1_ns1,0.5,,"[0.0, 0.0]",1.0,1,dt0.5ms_tfrinherit_ir1_ns1/trace.csv,1.0395996670122258,4.70964650698184,0.99999414639451,4.324771975158986,5.335000825998676,6.8677424566248195,40.80601686424559,9.807921409692375,0.0005394276111903933,-0.021188484277532272,4.001592990418322,0.8159934683151315,1.0,6.0,0.0008924565354273177,0.0030264261171198347,4.985037406483791,True
dt0.5ms_tfrinherit_ir1_ns3,0.5,,"[0.0, 0.0]",1.0,3,dt0.5ms_tfrinherit_ir1_ns3/trace.csv,1.1744193329941481,0.14491995076866782,0.9941966069255153,-0.3591256001678804,12.597341772312788,12.602459717259668,1.28530993570406,9.810388982463387,0.0017451108258858476,0.003965162725649908,4.0013400890287,0.8157310174970944,1.0,6.635910224438903,0.004109643187840562,0.007681963661001679,6.364089775561097,True
dt0.5ms_tfrinherit_ir10_ns0,0.5,,"[0.0, 0.0]",10.0,0,dt0.5ms_tfrinherit_ir10_ns0/trace.csv,0.5323622500000056,27.142612017961493,0.9999999423480788,27.14260962550442,0.014572950925882497,27.14261353763531,216.58708581776173,9.80881425773248,1.8427136481608982e-07,-0.012087077140875481,3.9999998911736356,0.8155929526385909,1.0,4.0,0.004343497016918076,1.1541123332413306e-05,1.0,True
dt0.5ms_tfrinherit_ir10_ns1,0.5,,"[0.0, 0.0]",10.0,1,dt0.5ms_tfrinherit_ir10_ns1/trace.csv,0.7604186249955092,-0.005468681532853908,0.01306004075128342,1.5860589042513973,25.018318985496045,25.068543390228854,-0.013457425641545288,9.798661650778714,0.007778242695876556,-0.11557950276541129,3.9947138743013775,0.8153514704820526,1.0,5.665835411471321,0.03500483689799619,0.03227402326154389,3.907730673316708,True
dt0.5ms_tfrinherit_ir10_ns3,0.5,,"[0.0, 0.0]",10.0,3,dt0.5ms_tfrinherit_ir10_ns3/trace.csv,1.138666791986907,0.014117816647215608,0.9980588684829903,0.01419655462510299,0.0014102227108592688,0.014266425316727255,0.7077393162766832,9.809080463488435,3.9156554650392873e-08,-0.009373460872227428,4.000000003705345,0.8155708414451762,1.0,6.0,8.63463097207889e-06,1.8193789727308434e-06,6.0,True
dt0.5ms_tfrinherit_ir100_ns0,0.5,,"[0.0, 0.0]",100.0,0,dt0.5ms_tfrinherit_ir100_ns0/trace.csv,0.5328539170150179,2.6975498665026434,0.9999999994341083,2.6975498083257086,0.00014349116278701934,2.697549812142082,21.61987053923028,9.808837535849223,1.7695945379348302e-08,-0.011849787469696775,3.9999999989357313,0.8155910390638196,1.0,4.0,0.0004190934585007405,1.1209081558274542e-06,1.0,True
dt0.5ms_tfrinherit_ir100_ns1,0.5,,"[0.0, 0.0]",100.0,1,dt0.5ms_tfrinherit_ir100_ns1/trace.csv,0.8218420000048354,0.16443064981708877,0.9999999999995438,0.1644306497353437,2.4833701568471627e-07,0.16443064973553123,1.3601005956836119,9.808839174766742,3.0831947348360676e-11,-0.01183308086909503,4.000000000002607,0.8155909030076902,1.0,4.0,2.5457862134940326e-05,8.563266550517131e-08,4.0,True
dt0.5ms_tfrinherit_ir100_ns3,0.5,,"[0.0, 0.0]",100.0,3,dt0.5ms_tfrinherit_ir100_ns3/trace.csv,1.1592906669829972,-0.0049630594753847755,0.8574285043231236,-0.0041533785001389625,0.02206871391769879,0.022456150314482868,1.191330356042207,9.80918110559213,8.089323755683203e-08,-0.008347547480846939,3.9999999831137614,0.8155624694977411,1.0,4.0,6.740002180378248e-07,8.933505106367603e-06,6.2443890274314215,True
dt0.5ms_tfr4ms_ir1_ns0,0.5,4.0,"[0.004, 1.0]",1.0,0,dt0.5ms_tfr4ms_ir1_ns0/trace.csv,0.5913137079915032,641.3396349382068,0.9982846485299119,646.37578084155,233.33877656801985,687.2034885743695,4764.243759782816,9.804623593739063,0.007808257168977241,-0.05480536453555379,4.006942252400852,0.8175395002263729,1.0,4.0,2.0462795683835284,0.09441244352827012,1.087281795511222,True
dt0.5ms_tfr4ms_ir1_ns1,0.5,4.0,"[0.004, 1.0]",1.0,1,dt0.5ms_tfr4ms_ir1_ns1/trace.csv,0.9234355000080541,-18.514974138695294,0.9999866439175722,-18.515333156676586,0.15130706492610943,18.51595138605154,-158.2670800488043,9.80889110352363,7.427897331990948e-08,-0.011303735742821631,3.999999651766825,0.8155865142248209,1.0,5.0,0.002862728514246385,1.0330287209791793e-05,5.0,True
dt0.5ms_tfr4ms_ir1_ns3,0.5,4.0,"[0.004, 1.0]",1.0,3,dt0.5ms_tfr4ms_ir1_ns3/trace.csv,1.2113205829809885,-0.0005098859110864417,0.7129961707668048,-0.00043571987680806213,0.0007249995286825215,0.0008458582195826386,1.08126712132715,9.809083146788751,7.470166306607727e-09,-0.009346108167679374,4.000000006618914,0.8155706189376964,1.0,8.0,2.0713025155923148e-06,7.895941656517691e-06,6.0,True
dt0.5ms_tfr4ms_ir10_ns0,0.5,4.0,"[0.004, 1.0]",10.0,0,dt0.5ms_tfr4ms_ir10_ns0/trace.csv,0.5521366659959313,54.66146224753141,0.999999764580219,54.66146876433773,0.059305088470426814,54.661500935925524,434.9070102226618,9.808790673951792,3.797394215365732e-07,-0.012327482652479365,3.9999995536407154,0.8155948447882946,1.0,4.0,0.009091204255296035,2.4302659165525066e-05,1.0,True
dt0.5ms_tfr4ms_ir10_ns1,0.5,4.0,"[0.004, 1.0]",10.0,1,dt0.5ms_tfr4ms_ir10_ns1/trace.csv,0.9183307089842856,-6.2448489557132,0.9999999991821091,-6.2448391138333434,0.00040117012460256157,6.244839126718981,-49.40577002505276,9.808976426371347,1.0519981053838493e-08,-0.010433981943464898,3.9999999985352135,0.8155794905941967,1.0,4.0,0.000988603928792641,2.2370842737370624e-06,4.0,True
dt0.5ms_tfr4ms_ir10_ns3,0.5,4.0,"[0.004, 1.0]",10.0,3,dt0.5ms_tfr4ms_ir10_ns3/trace.csv,1.2614267079916317,-0.00941321930479363,0.9516523364693528,-0.012311445531506824,0.32290008103912676,0.3231346995080378,0.05690173637441036,9.809213761761816,2.003798799577836e-06,-0.008014660939698947,4.000006842980699,0.8155611531025273,1.0,8.0,0.00015230418042750206,3.0741426607040115e-05,6.00498753117207,True
dt0.5ms_tfr4ms_ir100_ns0,0.5,4.0,"[0.004, 1.0]",100.0,0,dt0.5ms_tfr4ms_ir100_ns0/trace.csv,0.5649671659921296,5.398775499610066,0.9999999977318338,5.398775281775638,0.000574938955571515,5.398775312389507,43.211857185213965,9.808835301742409,3.549547788882643e-08,-0.011872561239464502,3.999999995732506,0.8155912241735701,1.0,4.0,0.0008419312468430354,2.253153776590571e-06,1.0,True
dt0.5ms_tfr4ms_ir100_ns1,0.5,4.0,"[0.004, 1.0]",100.0,1,dt0.5ms_tfr4ms_ir100_ns1/trace.csv,0.9848274579853751,-0.26814729759242717,0.8979988675454038,-0.29895068689330223,1.2136032617168098,1.2498817504242776,-2.093714711340222,9.809010660923542,1.4072993303725896e-05,-0.010085005876229878,3.9999967881612046,0.8155759896648203,1.0,5.194513715710723,0.04239479287203521,0.0009512665177810901,4.0,True
dt0.5ms_tfr4ms_ir100_ns3,0.5,4.0,"[0.004, 1.0]",100.0,3,dt0.5ms_tfr4ms_ir100_ns3/trace.csv,1.1422759169945493,0.0009095497141672654,0.6293570014673247,0.00436202538556717,0.14303295209707892,0.1430994502123247,0.4145286754410356,9.809140472429334,8.881834960795425e-07,-0.008761748936456978,4.00000180275893,0.8155662188581682,1.0,5.0,1.0951059920811074e-05,6.84360868748316e-06,6.077306733167083,True
dt0.5ms_tfr8ms_ir1_ns0,0.5,8.0,"[0.008, 1.0]",1.0,0,dt0.5ms_tfr8ms_ir1_ns0/trace.csv,0.5012249999854248,134.4531358471054,1.0,134.45313582107477,1.0100239713829557e-09,134.45313582107477,349607.3197376346,0.0,,,0.0,,0.0,0.0,9.45793221750681e-12,2.2793887383938172e-12,0.8877805486284289,False
dt0.5ms_tfr8ms_ir1_ns1,0.5,8.0,"[0.008, 1.0]",1.0,1,dt0.5ms_tfr8ms_ir1_ns1/trace.csv,1.1572825000039302,26.14349650546657,0.9999999981974564,26.143601366710932,0.0024855833150124215,26.143601484868416,209.22445675194396,9.80872231704525,3.178084633055187e-08,-0.013024291077986779,4.000000308550679,0.8156006825883172,1.0,6.0,0.005040437858633164,1.4912136880758509e-05,5.0,True
dt0.5ms_tfr8ms_ir1_ns3,0.5,8.0,"[0.008, 1.0]",1.0,3,dt0.5ms_tfr8ms_ir1_ns3/trace.csv,1.2597864590061363,0.29279488289846567,0.9999997426229529,0.2928398466083961,0.0003474754773984592,0.2928400527606092,2.891697294408237,9.809041982104198,3.355358917175442e-08,-0.009765727785961815,4.000000001033083,0.815574040427345,1.0,5.0,6.146520639872517e-05,1.2530647299051671e-06,7.0,True
dt0.5ms_tfr8ms_ir10_ns0,0.5,8.0,"[0.008, 1.0]",10.0,0,dt0.5ms_tfr8ms_ir10_ns0/trace.csv,0.5663052499876358,110.86660762746408,0.9999990178677468,110.86677416020021,0.24568388015584486,110.86704638104959,877.0159268686392,9.808741314436954,8.075455162852638e-07,-0.01283063774766884,3.999998120441013,0.8155986567932481,1.0,4.0,0.019927373975972752,5.390691864818971e-05,1.0,True
dt0.5ms_tfr8ms_ir10_ns1,0.5,8.0,"[0.008, 1.0]",10.0,1,dt0.5ms_tfr8ms_ir10_ns1/trace.csv,1.1119279589911457,3.0697669868428723,0.9999999997620397,3.0697671327079865,0.00010588882422622045,3.069767134534256,24.603649835097645,9.808791808249575,2.8416504989679935e-09,-0.01231591998394917,4.000000003678869,0.8155948422342317,1.0,6.0,0.0005865928987804338,1.4713074749585798e-06,4.0,True
dt0.5ms_tfr8ms_ir10_ns3,0.5,8.0,"[0.008, 1.0]",10.0,3,dt0.5ms_tfr8ms_ir10_ns3/trace.csv,1.2835627919994295,-0.036527800329538576,0.9983281386800962,-0.043581058546609916,0.09668472226552373,0.10605302533923537,-0.11477876133440658,9.809196203442518,1.4169802243208072e-05,-0.008193644826529336,4.00000681143019,0.8155626061533059,1.0,7.0,0.0006346236787041949,0.00010124279114000521,6.0,True
dt0.5ms_tfr8ms_ir100_ns0,0.5,8.0,"[0.008, 1.0]",100.0,0,dt0.5ms_tfr8ms_ir100_ns0/trace.csv,0.6289373329782393,10.812280282027718,0.9999999908903954,10.812279530693932,0.0023075761383547686,10.812279776937455,86.44814238151356,9.808830815545562,7.140789484928024e-08,-0.01191829209417294,3.999999982845922,0.8155915945673213,1.0,4.0,0.0016989437264824435,4.552018455630313e-06,1.0,True
dt0.5ms_tfr8ms_ir100_ns1,0.5,8.0,"[0.008, 1.0]",100.0,1,dt0.5ms_tfr8ms_ir100_ns1/trace.csv,1.1152979579928797,-0.34685200980029524,0.9999997470884123,-0.34687591711266097,0.00039594302452938574,0.34687614308803116,-2.0905007252464634,9.809004319409514,1.1731559225025746e-08,-0.010149649240435411,3.999999999160864,0.8155771715271624,1.0,5.0,5.3226409162793506e-05,8.3066594151017e-07,4.0,True
dt0.5ms_tfr8ms_ir100_ns3,0.5,8.0,"[0.008, 1.0]",100.0,3,dt0.5ms_tfr8ms_ir100_ns3/trace.csv,1.2226073750061914,-0.009222324593824266,0.995934383564205,-0.009671753575479891,0.01507192043059815,0.017908255154846606,1.0235905389597926,9.809203709680236,9.352311951309745e-08,-0.008117128641835126,4.000000000289643,0.8155605936376267,1.0,4.0,1.128118306847324e-06,4.32198180029886e-06,6.0,True
dt1ms_tfrinherit_ir1_ns0,1.0,,"[0.0, 0.0]",1.0,0,dt1ms_tfrinherit_ir1_ns0/trace.csv,0.3918626249942463,289.74708590468845,0.999992957420355,289.7507666799173,1.7194508650609681,289.7558684528706,2250.736239869813,9.808500717388306,2.959237013331131e-06,-0.015283207050915923,3.999980455044678,0.8156150609210673,1.0,4.0,0.06756541970287092,0.00015913171258052585,1.0,True
dt1ms_tfrinherit_ir1_ns1,1.0,,"[0.0, 0.0]",1.0,1,dt1ms_tfrinherit_ir1_ns1/trace.csv,0.7280807500064839,-0.0006402938103324763,0.9849591191698359,-0.0006372430266487234,0.0001721723313112154,0.0006600924076836246,-9.91004541472697,9.808910231818249,9.439240461363469e-09,-0.011108748030086015,3.9999999934108605,0.815584993414583,1.0,8.0,1.4411774825583092e-05,2.050009018503076e-06,5.0,True
dt1ms_tfrinherit_ir1_ns3,1.0,,"[0.0, 0.0]",1.0,3,dt1ms_tfrinherit_ir1_ns3/trace.csv,0.6647365830140188,0.022494980627979846,0.9999999987776821,0.022494944247666286,1.7647126442447001e-06,0.022494944316886523,0.4952766538983844,9.808872687536631,1.6135480292126818e-09,-0.01149146241966645,3.9999999999696776,0.8155881164717664,1.0,5.0,9.392292610778734e-06,7.307161018225319e-08,7.0,True
dt1ms_tfrinherit_ir10_ns0,1.0,,"[0.0, 0.0]",10.0,0,dt1ms_tfrinherit_ir10_ns0/trace.csv,0.3661796670057811,27.142630885375233,0.9999999423479529,27.14262219835892,0.014572968544785549,27.142626110497467,216.58726100263485,9.80881425854499,1.8427128165477882e-07,-0.01208706885841706,3.9999998911735903,0.8155929525710226,1.0,4.0,0.004343505602049391,1.1541130669951959e-05,1.0,True
dt1ms_tfrinherit_ir10_ns1,1.0,,"[0.0, 0.0]",10.0,1,dt1ms_tfrinherit_ir10_ns1/trace.csv,0.7154629590222612,-0.35880729840460734,0.9988048762724805,-0.3592710254428454,0.027752900454417143,0.36034135650295046,-7.971142921054307,9.809001334736609,2.300729943403008e-08,-0.010180074040693012,3.999999920927799,0.815577403738871,1.0,8.0,0.009717390766430318,1.8059012487333356e-05,5.0,True
dt1ms_tfrinherit_ir10_ns3,1.0,,"[0.0, 0.0]",10.0,3,dt1ms_tfrinherit_ir10_ns3/trace.csv,0.7688146250147838,0.002084868937831102,0.999998920555188,0.0020846421543889012,4.887926782785072e-06,0.002084647884819744,0.05868559301625086,9.808970380895387,9.623500805453242e-11,-0.010495607590354165,3.999999999988259,0.8155799935493595,1.0,5.0,4.820621823212056e-06,2.3999691189770063e-08,7.0,True
dt1ms_tfrinherit_ir100_ns0,1.0,,"[0.0, 0.0]",100.0,0,dt1ms_tfrinherit_ir100_ns0/trace.csv,0.3723475000006147,2.697550942493468,0.9999999994341079,2.69755082233887,0.00014349127983734222,2.697550826155248,21.62039484232372,9.808837535520583,1.7695954362287165e-08,-0.01184979081975005,3.999999998935732,0.8155910390911462,1.0,4.0,0.0004190939982374774,1.1209072848236086e-06,1.0,True
dt1ms_tfrinherit_ir100_ns1,1.0,,"[0.0, 0.0]",100.0,1,dt1ms_tfrinherit_ir100_ns1/trace.csv,0.5700256669952068,-2.3895264987686513,0.7132689300600155,-1.909881803627442,30.292036350221775,30.35218467832232,-4.277647413150022,9.808797527322136,0.0003146421553610598,-0.01225762158882883,4.000104376490279,0.8156161548948859,1.0,6.0,0.0005745617589177651,0.01752530008130592,4.384039900249377,True
dt1ms_tfrinherit_ir100_ns3,1.0,,"[0.0, 0.0]",100.0,3,dt1ms_tfrinherit_ir100_ns3/trace.csv,0.6367158750072122,0.00022365888761827446,0.9987238546945097,0.0002236491281683081,1.781485804313364e-05,0.00022435753095793623,-0.26403303312668414,9.80907802728649,2.927759970826825e-09,-0.009398294735063087,3.999999999993695,0.8155710432451775,1.0,6.0,0.002287541338492465,1.2696270552684247e-05,6.0,True
dt1ms_tfr4ms_ir1_ns0,1.0,4.0,"[0.004, 1.0]",1.0,0,dt1ms_tfr4ms_ir1_ns0/trace.csv,0.4158227909938432,627.7972119639022,0.9999617846196408,625.6868777387889,109.86106253082032,635.2586261003585,4716.599613068031,9.818417790365515,0.009302098942190754,0.08580826060667616,3.988068398183613,0.8126593061579219,1.0,4.0,0.20666371224626928,0.07888556963130523,2.6209476309226933,True
dt1ms_tfr4ms_ir1_ns1,1.0,4.0,"[0.004, 1.0]",1.0,1,dt1ms_tfr4ms_ir1_ns1/trace.csv,0.7277078749903012,-0.0005237509451769554,0.9983758870152065,-0.0005410463320827023,5.206354556621439e-05,0.0005435455328094152,-18.022642674875378,9.80891236879434,2.4740780402966368e-08,-0.011086964379819004,3.9999999776225033,0.8155848125115148,1.0,8.0,3.027233921588991e-05,4.366483648757084e-06,5.0,True
dt1ms_tfr4ms_ir1_ns3,1.0,4.0,"[0.004, 1.0]",1.0,3,dt1ms_tfr4ms_ir1_ns3/trace.csv,0.7518090000085067,0.3253514323679142,0.5733668517005961,0.31913466188188605,4.76750719183978,4.778176614217864,-0.33305377431597344,9.808947825379224,3.040301946269291e-05,-0.010725531302508806,3.999979134587074,0.8155776141185024,1.0,6.0,0.00028278638709266834,0.0027195761781671694,7.0,True
dt1ms_tfr4ms_ir10_ns0,1.0,4.0,"[0.004, 1.0]",10.0,0,dt1ms_tfr4ms_ir10_ns0/trace.csv,0.3698692080215551,54.6615666622949,0.9999997645789644,54.66154756330886,0.05930529037371698,54.66157973506934,434.9079367131557,9.808790675534029,3.797392930643286e-07,-0.012327466523666276,3.999999553639972,0.8155948446565807,1.0,4.0,0.009091246898292571,2.430270379281506e-05,1.0,True
dt1ms_tfr4ms_ir10_ns1,1.0,4.0,"[0.004, 1.0]",10.0,1,dt1ms_tfr4ms_ir10_ns1/trace.csv,0.7154849999933504,-0.6938316735042124,0.998745836287004,-0.6948283744879058,0.05499591821306853,0.6970014497930431,-16.188868475706933,9.80900540341284,1.4308504286185563e-08,-0.010138599257497462,3.9999998395772223,0.8155770488586959,1.0,8.0,0.009637514847878071,1.6103433344653938e-05,5.0,True
dt1ms_tfr4ms_ir10_ns3,1.0,4.0,"[0.004, 1.0]",10.0,3,dt1ms_tfr4ms_ir10_ns3/trace.csv,0.6404487919935491,-0.0014552862444532297,0.999976579403013,-0.0014543013270835506,1.600347558806573e-05,0.0014543893774322865,0.043194568784789215,9.809070949238857,7.03613474333268e-10,-0.009470446087093909,4.000000000012675,0.8155716317503156,1.0,6.0,0.00023437531065017333,1.2234432839215657e-06,6.0,True
dt1ms_tfr4ms_ir100_ns0,1.0,4.0,"[0.004, 1.0]",100.0,0,dt1ms_tfr4ms_ir100_ns0/trace.csv,0.3990398329915479,5.407518027422229,0.9999998887206655,5.408938806357923,0.047261287612753375,5.409145278159155,43.275856661309305,9.808835267407071,3.7850384560202195e-08,-0.011872911242911273,4.000000521834746,0.815591334299616,1.0,4.0,0.0008433303504834587,2.2692231853633745e-06,1.7381546134663342,True
dt1ms_tfr4ms_ir100_ns1,1.0,4.0,"[0.004, 1.0]",100.0,1,dt1ms_tfr4ms_ir100_ns1/trace.csv,0.6503957920067478,-2.5814691500956264,0.7453208328439853,-1.9462169969203902,29.16351555504868,29.228383467593076,-5.711438689970473,9.808763230346027,0.0004030896083493774,-0.012607233985453754,3.9999161077188816,0.8155805652235385,1.0,6.0,0.00041271186634196476,0.015084583967959565,4.394014962593516,True
dt1ms_tfr4ms_ir100_ns3,1.0,4.0,"[0.004, 1.0]",100.0,3,dt1ms_tfr4ms_ir100_ns3/trace.csv,0.7967029999999795,0.00032401647902978323,0.999174901184976,0.0003237660549149648,2.0822977314762055e-05,0.0003244349776140839,-0.2656511020314009,9.809078099045308,3.952340688392394e-09,-0.009397563248645609,3.99999999998241,0.8155710372765244,1.0,6.0,0.002757298100312067,1.4724050625016793e-05,6.0,True
dt1ms_tfr8ms_ir1_ns0,1.0,8.0,"[0.008, 1.0]",1.0,0,dt1ms_tfr8ms_ir1_ns0/trace.csv,0.35972866701195017,129.41587342040873,0.9999999999951449,129.41587397151002,0.0006376387069460083,129.4158739730809,637888.7382942905,0.0,,,0.0,,0.0,0.0,1.3464895935836745e-06,2.3266146635954863e-09,0.8927680798004988,False
dt1ms_tfr8ms_ir1_ns1,1.0,8.0,"[0.008, 1.0]",1.0,1,dt1ms_tfr8ms_ir1_ns1/trace.csv,0.8243879160145298,0.005526531945525736,0.9999789166884733,0.005486395479670621,0.00010504337918331093,0.005487400975950315,-37.32165013220649,9.808916898661375,5.2157891281617337e-08,-0.011040788365197556,3.9999999145182543,0.8155844229986587,1.0,8.0,6.559937735392624e-05,8.722807866391712e-06,5.0,True
dt1ms_tfr8ms_ir1_ns3,1.0,8.0,"[0.008, 1.0]",1.0,3,dt1ms_tfr8ms_ir1_ns3/trace.csv,0.7291488749906421,0.4057580222508043,0.999915406361573,0.4061505456714499,0.00841362851299362,0.4062376827597006,4.627343073150977,9.80906510329731,3.236321239752396e-07,-0.009530037744035363,4.000000013557258,0.8155721205710174,1.0,5.0,6.987077999567451e-05,9.008975144857382e-06,6.0,True
dt1ms_tfr8ms_ir10_ns0,1.0,8.0,"[0.008, 1.0]",10.0,0,dt1ms_tfr8ms_ir10_ns0/trace.csv,0.41355629099416547,110.86725750788759,0.9999990178528879,110.86731792783664,0.2456865900690877,110.86759015335612,877.0214118703344,9.808741317327216,8.075458874979857e-07,-0.012830608285260567,3.9999981204313366,0.8155986565509491,1.0,4.0,0.019927615553352256,5.390723425491056e-05,1.0,True
dt1ms_tfr8ms_ir10_ns1,1.0,8.0,"[0.008, 1.0]",10.0,1,dt1ms_tfr8ms_ir10_ns1/trace.csv,0.7667335830046795,-1.3773510559598239,0.9986912094658923,-1.379490302039821,0.11155840699118723,1.383993775850285,-32.63348686087735,9.809005968373796,6.684025578914853e-09,-0.010132840226343134,3.999999675284764,0.8155769683863107,1.0,8.0,0.009690249029295429,1.693524582481784e-05,5.0,True
dt1ms_tfr8ms_ir10_ns3,1.0,8.0,"[0.008, 1.0]",10.0,3,dt1ms_tfr8ms_ir10_ns3/trace.csv,0.6536590830073692,-0.0028606233096299502,0.9999941941988905,-0.0028594670916911986,1.57565924955322e-05,0.0028595105033330423,0.03462518876433453,9.809070896192763,5.599796773697248e-10,-0.009470986821994416,3.999999999982371,0.8155716361546349,1.0,6.0,0.00022687459542981633,1.2149835541046756e-06,6.0,True
dt1ms_tfr8ms_ir100_ns0,1.0,8.0,"[0.008, 1.0]",100.0,0,dt1ms_tfr8ms_ir100_ns0/trace.csv,0.39993616598076187,10.825529305823027,0.9999999541300206,10.825270474693003,0.052992786022213814,10.825400181315722,86.68102585190744,9.808830689816064,7.362672322940563e-08,-0.011919573740431086,4.000000695948241,0.8155917504216832,1.0,4.0,0.001701178459533041,4.58939747033577e-06,1.4214463840399003,True
dt1ms_tfr8ms_ir100_ns1,1.0,8.0,"[0.008, 1.0]",100.0,1,dt1ms_tfr8ms_ir100_ns1/trace.csv,0.5903464579896536,-3.1463405867726753,0.7779574110178443,-2.277674718881593,57.388167490116345,57.43334893595078,-8.771942141805201,9.807844079560388,0.003943225618244417,-0.02197676289105665,3.9994389073184298,0.8155349997375796,1.0,6.0,0.0029104353974892614,0.039051385190338406,4.291770573566085,True
dt1ms_tfr8ms_ir100_ns3,1.0,8.0,"[0.008, 1.0]",100.0,3,dt1ms_tfr8ms_ir100_ns3/trace.csv,1.0658432499913033,0.0006897226561221618,0.9998426916101918,0.0006892819800971616,1.9504822777665672e-05,0.0006895578918395843,-0.27023889263060463,9.80907860460059,7.334389953593668e-09,-0.009392409779928034,3.9999999998963913,0.8155709952248394,1.0,6.0,0.0029279085064898443,1.5329534290663285e-05,6.0,True
