sweep_group,engine,version,dt_ms,solref_timeconst_ms,dampratio,solimp_d0,solimp_dwidth_dmax,integrator,solver,iterations_budget,solver_iterations_mean,solver_iterations_max,max_penetration_mm,final_com_height_m,expected_com_height_m,final_com_height_error_mm,orientation_tilt_max_deg,tail_com_jitter_pp_mm,tail_tilt_jitter_pp_deg,settling_time_s,max_contacts,finite,order_preserved,escaped,failure,stepping_wall_s
primary_dt_x_solref,mujoco,3.12.0,0.1,0.2,1.0,0.95,0.99,implicitfast,Newton,100,0.9695015249237539,6,0.09651098407086835,0.006003886508453705,0.006,0.0038865084537051744,0.017391759134891136,0.0019473507932065218,0.002564869389131396,1.6348,13,True,True,False,False,0.8336812920169905
primary_dt_x_solref,mujoco,3.12.0,0.1,0.5,1.0,0.95,0.99,implicitfast,Newton,100,1.0520473976301186,8,0.23454454974137404,0.0059998065435524104,0.006,0.0001934564475896891,0.0026418220690759254,0.000754451352220735,0.0007690048125787958,1.8967,13,True,True,False,False,0.8189921669836622
primary_dt_x_solref,mujoco,3.12.0,0.1,1.0,1.0,0.95,0.99,implicitfast,Newton,100,1.1977901104944753,6,0.47842110520880354,0.005999191907356459,0.006,0.0008080926435409877,0.0011550159634237983,1.9668871299900748e-05,2.7950292238506033e-06,0.1872,13,True,True,False,False,0.8384265409840737
primary_dt_x_solref,mujoco,3.12.0,0.1,2.0,1.0,0.95,0.99,implicitfast,Newton,100,1.071046447677616,5,0.952786490086496,0.005996535178466319,0.006,0.0034648215336812588,0.0038831633106740874,6.007964357783446e-06,4.7301940526560694e-06,0.20800000000000002,13,True,True,False,False,0.8407162500079721
primary_dt_x_solref,mujoco,3.12.0,0.1,4.0,1.0,0.95,0.99,implicitfast,Newton,100,0.9778011099445028,5,2.019552669801287,0.005985854088304904,0.006,0.014145911695096283,0.002214017961771426,2.729716259454451e-06,8.794160756926104e-06,0.2051,13,True,True,False,False,1.0007639170216862
primary_dt_x_solref,mujoco,3.12.0,0.1,8.0,1.0,0.95,0.99,implicitfast,Newton,100,1.007949602519874,6,4.013099364447031,0.005943137222592171,0.006,0.05686277740782949,0.10295157370558292,1.375464655367642e-06,1.733438605086306e-05,0.2908,18,True,False,False,True,0.8573752079973929
primary_dt_x_solref,mujoco,3.12.0,0.1,16.0,1.0,0.95,0.99,implicitfast,Newton,100,0.9906504674766262,12,5.53211291904948,0.005773538558287388,0.006,0.2264614417126125,0.047089228922757166,4.565880657066146e-06,3.267553651764509e-05,0.2928,25,True,False,False,True,0.8547644169884734
primary_dt_x_solref,mujoco,3.12.0,0.25,0.5,1.0,0.95,0.99,implicitfast,Newton,100,1.0391201099862517,7,0.21090085586678112,0.005999842771130029,0.006,0.00015722886997134727,0.02079114759045456,0.001093456898420761,0.0007221241329855301,2.0,13,True,True,False,False,0.3893708339892328
primary_dt_x_solref,mujoco,3.12.0,0.25,1.0,1.0,0.95,0.99,implicitfast,Newton,100,1.1771028621422321,6,0.36790575282347726,0.005999199774667813,0.006,0.0008002253321873903,0.004829122390742279,6.291601610790981e-05,9.837804770890904e-06,0.17825,13,True,True,False,False,0.34604829200543463
primary_dt_x_solref,mujoco,3.12.0,0.25,2.0,1.0,0.95,0.99,implicitfast,Newton,100,1.2557180352455943,6,0.8373268467281384,0.0059965378213273175,0.006,0.003462178672682635,0.0021706660607574823,2.764073821995977e-05,1.7262862111922e-05,0.18975,13,True,True,False,False,0.34404120800900273
primary_dt_x_solref,mujoco,3.12.0,0.25,4.0,1.0,0.95,0.99,implicitfast,Newton,100,0.9805024371953506,5,1.9076511130526947,0.005985855784423959,0.006,0.014144215576041182,0.0020923633697345284,5.905869189526403e-06,1.870840186879232e-05,0.20175,13,True,True,False,False,0.3369051670015324
primary_dt_x_solref,mujoco,3.12.0,0.25,8.0,1.0,0.95,0.99,implicitfast,Newton,100,1.0159980002499687,7,3.9777334488711924,0.005943138105068939,0.006,0.056861894931060745,0.23049198777048346,3.5482383290222352e-06,4.7537755373513145e-05,0.29525,18,True,False,False,True,0.3449795840133447
primary_dt_x_solref,mujoco,3.12.0,0.25,16.0,1.0,0.95,0.99,implicitfast,Newton,100,1.0124984376952881,9,5.456000309664244,0.005773535567978619,0.006,0.22646443202138133,0.05652597698017172,1.3115949035191754e-05,9.864249863030608e-05,0.2925,25,True,False,False,True,0.34288183398894034
primary_dt_x_solref,mujoco,3.12.0,0.5,1.0,1.0,0.95,0.99,implicitfast,Newton,100,1.1807048237940514,7,0.6524931077705447,0.005999198718118599,0.006,0.0008012818814009601,0.025421179572979537,0.0001778173238514702,2.919008657957884e-05,1.169,13,True,True,False,False,0.17661004199180752
primary_dt_x_solref,mujoco,3.12.0,0.5,2.0,1.0,0.95,0.99,implicitfast,Newton,100,1.1937015746063484,7,1.062516190464926,0.005996543585583628,0.006,0.0034564144163725177,0.0020667271339531498,6.476618469655748e-05,3.939398612087012e-05,0.197,13,True,True,False,False,0.18135491700377315
primary_dt_x_solref,mujoco,3.12.0,0.5,4.0,1.0,0.95,0.99,implicitfast,Newton,100,0.9807548112971757,5,2.06078933690003,0.005985852700907447,0.006,0.014147299092552752,0.0017514125376300036,1.8551313441146633e-05,5.813012569947047e-05,0.20650000000000002,13,True,True,False,False,0.17021316700265743
primary_dt_x_solref,mujoco,3.12.0,0.5,8.0,1.0,0.95,0.99,implicitfast,Newton,100,1.0509872531867033,9,4.014216134677891,0.005943137188159326,0.006,0.056862811840674085,1.4434578729947436,3.551097841995865e-06,6.818794861258741e-05,0.5630000000000001,18,True,False,False,True,0.17066758399596438
primary_dt_x_solref,mujoco,3.12.0,0.5,16.0,1.0,0.95,0.99,implicitfast,Newton,100,1.020744813796551,7,5.4114630835543,0.00577353504713287,0.006,0.2264649528671298,0.12353730037497303,3.1233957913968935e-05,0.00021404238498778615,1.9155,24,True,False,False,True,0.16740737500367686
primary_dt_x_solref,mujoco,3.12.0,1.0,2.0,1.0,0.95,0.99,implicitfast,Newton,100,1.160919540229885,4,1.001398900040872,0.00599648044497731,0.006,0.003519555022689705,0.018775985713383306,0.00019644409104003363,0.0001239928637013022,1.99,13,True,True,False,False,0.08544945798348635
primary_dt_x_solref,mujoco,3.12.0,1.0,4.0,1.0,0.95,0.99,implicitfast,Newton,100,0.9810094952523738,6,1.836846113873339,0.00598584217767317,0.006,0.014157822326829779,0.0018728997618401996,4.6601524396339133e-05,0.00015322829164394436,1.991,13,True,True,False,False,0.08330216599279083
primary_dt_x_solref,mujoco,3.12.0,1.0,8.0,1.0,0.95,0.99,implicitfast,Newton,100,0.9960019990004998,3,3.5339757357475032,0.00594315141429539,0.006,0.05684858570460978,0.0028533742427423237,1.2810900775969691e-05,0.00024340898738731172,1.993,13,True,True,False,False,0.08296274999156594
primary_dt_x_solref,mujoco,3.12.0,1.0,16.0,1.0,0.95,0.99,implicitfast,Newton,100,1.0389805097451275,8,4.444225224201841,0.005773526706778643,0.006,0.2264732932213574,0.07715874421683833,3.0432288823482867e-05,0.0002260267481424161,1.998,21,True,False,False,True,0.08347783301724121
primary_dt_x_solref,mujoco,3.12.0,2.0,4.0,1.0,0.95,0.99,implicitfast,Newton,100,1.1398601398601398,8,1.0768400000000113,0.005985915449237635,0.006,0.014084550762365547,0.015033506904912643,0.0001489879137258135,0.0004676363021724663,1.998,13,True,True,False,False,0.042279916000552475
primary_dt_x_solref,mujoco,3.12.0,2.0,8.0,1.0,0.95,0.99,implicitfast,Newton,100,1.001998001998002,5,3.891861661086572,0.005943149232543484,0.006,0.05685076745651652,0.0030031765622020533,3.0265175631274954e-05,0.000535677597366404,2.0,18,True,False,False,True,0.042113417002838105
primary_dt_x_solref,mujoco,3.12.0,2.0,16.0,1.0,0.95,0.99,implicitfast,Newton,100,1.016983016983017,5,4.366957285266665,0.00577350884645307,0.006,0.22649115354693006,0.005252920191649475,0.00010426224857952582,0.0007522453486019398,2.0,21,True,False,False,True,0.041955666994908825
primary_dt_x_solref,mujoco,3.12.0,5.0,16.0,1.0,0.95,0.99,implicitfast,Newton,100,1.2793017456359101,10,4.166056540983377,0.00577030736161505,0.006,0.22969263838495002,1.773892600543467,0.0010143223344461633,0.0012258975980128765,2.0,21,True,False,False,True,0.018748374975984916
dampratio,mujoco,3.12.0,0.5,1.0,0.5,0.95,0.99,implicitfast,Newton,100,1.037490627343164,8,0.7806341949624219,0.005999764912974247,0.006,0.0002350870257532625,2.3681585341655293,0.005339139679342783,0.003392247828109577,1.9995,13,True,True,False,False,0.15715449998970143
dampratio,mujoco,3.12.0,0.5,1.0,1.0,0.95,0.99,implicitfast,Newton,100,1.1807048237940514,7,0.6524931077705447,0.005999198718118599,0.006,0.0008012818814009601,0.025421179572979537,0.0001778173238514702,2.919008657957884e-05,1.169,13,True,True,False,False,0.1685743749840185
dampratio,mujoco,3.12.0,0.5,1.0,2.0,0.95,0.99,implicitfast,Newton,100,1.2194451387153211,8,0.6497009376496773,0.005996535381733111,0.006,0.003464618266888972,0.001877263623666038,4.733421603286825e-05,3.0547530133904885e-05,0.179,13,True,True,False,False,0.17005116699147038
solimp_dmax,mujoco,3.12.0,0.5,1.0,1.0,0.9,0.9,implicitfast,Newton,100,1.1457135716070983,3,0.14489000000001448,0.005998445164297775,0.006,0.0015548357022252685,0.023123852306820337,0.00018548941465960922,6.58208012372746e-05,1.999,13,True,True,False,False,0.16864054100005887
solimp_dmax,mujoco,3.12.0,0.5,1.0,1.0,0.95,0.95,implicitfast,Newton,100,1.1984503874031491,6,0.6745965464518561,0.005999267794974061,0.006,0.0007322050259387508,0.1989100463908184,0.0010679604520932862,0.0004918102436446517,1.9635,13,True,True,False,False,0.16764441700070165
solimp_dmax,mujoco,3.12.0,0.5,1.0,1.0,0.99,0.99,implicitfast,Newton,100,0.9675081229692577,6,0.6569561270515464,0.006015690140661112,0.006,0.015690140661111726,0.046764977562828276,0.0018159535366086763,0.0029373067937466944,1.2845,13,True,True,False,False,0.16436770898872055
solimp_dmax,mujoco,3.12.0,0.5,1.0,1.0,0.999,0.999,implicitfast,Newton,100,0.9732566858285429,6,0.6530422009271417,0.006003057322893148,0.006,0.0030573228931478694,0.006223093679027401,0.00010762033783411062,0.00015645945879334906,0.224,13,True,True,False,False,0.16402479200041853
dampratio,mujoco,3.12.0,0.5,2.0,0.5,0.95,0.99,implicitfast,Newton,100,1.3519120219945013,8,0.7075523066095017,0.0059993166786682,0.006,0.0006833213318001644,0.6647153055664553,0.00024076671484817014,4.0567070088335756e-05,1.1535,13,True,True,False,False,0.16870249999919906
dampratio,mujoco,3.12.0,0.5,2.0,1.0,0.95,0.99,implicitfast,Newton,100,1.1937015746063484,7,1.062516190464926,0.005996543585583628,0.006,0.0034564144163725177,0.0020667271339531498,6.476618469655748e-05,3.939398612087012e-05,0.197,13,True,True,False,False,0.16651999999885447
dampratio,mujoco,3.12.0,0.5,2.0,2.0,0.95,0.99,implicitfast,Newton,100,0.9735066233441639,4,1.0415026719718636,0.005985852351631504,0.006,0.01414764836849599,0.0012217623186073206,1.1758292937404102e-05,4.078374034087481e-05,0.2155,13,True,True,False,False,0.1675798750075046
solimp_dmax,mujoco,3.12.0,0.5,2.0,1.0,0.9,0.9,implicitfast,Newton,100,1.1297175706073481,5,1.0067255767733534,0.005993549177183505,0.006,0.006450822816495352,0.008848826077892393,6.432423315522184e-05,8.384080801116905e-05,2.0,13,True,True,False,False,0.16803433300810866
solimp_dmax,mujoco,3.12.0,0.5,2.0,1.0,0.95,0.95,implicitfast,Newton,100,1.1999500124968758,5,1.0315431232465826,0.005996791637900261,0.006,0.0032083620997392856,0.005949278619862966,7.151268742976169e-05,3.69322834022771e-05,0.2135,13,True,True,False,False,0.16924387498875149
solimp_dmax,mujoco,3.12.0,0.5,2.0,1.0,0.99,0.99,implicitfast,Newton,100,1.2091977005748562,5,1.0523151010221237,0.00599952361889011,0.006,0.0004763811098902962,0.002856912117751701,0.0013216997138722208,0.00016276217409675874,1.9695,13,True,True,False,False,0.1682183749799151
solimp_dmax,mujoco,3.12.0,0.5,2.0,1.0,0.999,0.999,implicitfast,Newton,100,0.9835041239690078,5,1.0565020674528385,0.005999920578690359,0.006,7.942130964087163e-05,0.0008183254497509512,0.0013778082995482763,9.309561872331098e-05,1.809,13,True,True,False,False,0.16676970801199786
dampratio,mujoco,3.12.0,0.5,4.0,0.5,0.95,0.99,implicitfast,Newton,100,1.1622094476380904,9,1.690134514000256,0.005996514328161918,0.006,0.003485671838081815,5.181982791871197,0.00012687106077519106,6.873816975672756e-05,0.7165,13,True,True,False,False,0.16492700000526384
dampratio,mujoco,3.12.0,0.5,4.0,1.0,0.95,0.99,implicitfast,Newton,100,0.9807548112971757,5,2.06078933690003,0.005985852700907447,0.006,0.014147299092552752,0.0017514125376300036,1.8551313441146633e-05,5.813012569947047e-05,0.20650000000000002,13,True,True,False,False,0.16687258300953545
dampratio,mujoco,3.12.0,0.5,4.0,2.0,0.95,0.99,implicitfast,Newton,100,0.9817545613596601,3,2.2185283209860205,0.005943150807367864,0.006,0.056849192632136246,0.0019001297867866,3.662475322151193e-06,5.767644836649805e-05,0.2935,13,True,True,False,False,0.171705333981663
solimp_dmax,mujoco,3.12.0,0.5,4.0,1.0,0.9,0.9,implicitfast,Newton,100,0.9780054986253437,4,1.951469046934108,0.005973864446276477,0.006,0.02613555372352281,0.011218702197043039,1.2518946271994347e-05,0.00012762043776700263,1.9955,13,True,True,False,False,0.16529808298218995
solimp_dmax,mujoco,3.12.0,0.5,4.0,1.0,0.95,0.95,implicitfast,Newton,100,0.979005248687828,5,2.010052578334596,0.005986984223851331,0.006,0.013015776148669542,0.0020365238009649273,2.0619427600239437e-05,5.843901818838322e-05,0.20400000000000001,13,True,True,False,False,0.16599362500710413
solimp_dmax,mujoco,3.12.0,0.5,4.0,1.0,0.99,0.99,implicitfast,Newton,100,1.2301924518870282,6,2.0564482616020188,0.0059974746580246695,0.006,0.0025253419753306153,0.0014276836508395649,2.1951179561552348e-05,9.748924471693791e-06,0.203,13,True,True,False,False,0.1692076250037644
solimp_dmax,mujoco,3.12.0,0.5,4.0,1.0,0.999,0.999,implicitfast,Newton,100,1.0302424393901524,5,2.065691974245776,0.0059998130722982304,0.006,0.0001869277017696805,0.001175154218532306,9.719276781311459e-05,0.0002793291942557554,1.3215000000000001,13,True,True,False,False,0.16506804199889302
dampratio,mujoco,3.12.0,0.5,8.0,0.5,0.95,0.99,implicitfast,Newton,100,1.0947263184203948,10,3.407278704699411,0.0059858487925537095,0.006,0.014151207446290621,2.0777643761897857,2.4749295797661663e-05,7.71219715030871e-05,0.4965,13,True,True,False,False,0.16546666601789184
dampratio,mujoco,3.12.0,0.5,8.0,1.0,0.95,0.99,implicitfast,Newton,100,1.0509872531867033,9,4.014216134677891,0.005943137188159326,0.006,0.056862811840674085,1.4434578729947436,3.551097841995865e-06,6.818794861258741e-05,0.5630000000000001,18,True,False,False,True,0.17096137499902397
dampratio,mujoco,3.12.0,0.5,8.0,2.0,0.95,0.99,implicitfast,Newton,100,1.0019995001249689,7,3.920392455972839,0.005773628475839114,0.006,0.22637152416088607,0.040191008296293705,7.820754565658616e-06,6.317004908859156e-05,0.4385,21,True,False,False,True,0.172278959013056
solimp_dmax,mujoco,3.12.0,0.5,8.0,1.0,0.9,0.9,implicitfast,Newton,100,0.9882529367658085,4,3.998071909621856,0.0058951453691227585,0.006,0.10485463087724164,0.005460065570849171,1.2240718050282595e-05,0.00013566214471967143,1.995,18,True,False,False,True,0.17115212499629706
solimp_dmax,mujoco,3.12.0,0.5,8.0,1.0,0.95,0.95,implicitfast,Newton,100,1.0364908772806798,8,3.960547105482318,0.005947628047319732,0.006,0.05237195268026785,0.10063645990984173,3.71103519095084e-06,7.296237415449207e-05,0.47800000000000004,18,True,False,False,True,0.1750729999912437
solimp_dmax,mujoco,3.12.0,0.5,8.0,1.0,0.99,0.99,implicitfast,Newton,100,1.0192451887028242,6,3.9818360896977656,0.005989615334877178,0.006,0.010384665122821837,0.0011561974076439588,7.216779404108087e-06,1.3925481274194225e-05,0.2185,18,True,False,False,True,0.17199783399701118
solimp_dmax,mujoco,3.12.0,0.5,8.0,1.0,0.999,0.999,implicitfast,Newton,100,1.163459135216196,12,3.964902078348281,0.0059990668787129504,0.006,0.0009331212870496847,0.007490754006501406,7.493286397191462e-05,0.00018928594733117808,0.3395,18,True,False,False,True,0.1710351660149172
dampratio,mujoco,3.12.0,0.5,16.0,0.5,0.95,0.99,implicitfast,Newton,100,1.087228192951762,9,3.9771042689271026,0.005943076245348361,0.006,0.05692375465163931,0.6192275209566112,5.29438934620402e-06,0.00011088537850635444,1.2565,21,True,False,False,True,0.17347700000391342
dampratio,mujoco,3.12.0,0.5,16.0,1.0,0.95,0.99,implicitfast,Newton,100,1.020744813796551,7,5.4114630835543,0.00577353504713287,0.006,0.2264649528671298,0.12353730037497303,3.1233957913968935e-05,0.00021404238498778615,1.9155,24,True,False,False,True,0.17469241700018756
dampratio,mujoco,3.12.0,0.5,16.0,2.0,0.95,0.99,implicitfast,Newton,100,1.0117470632341914,7,9.147953837338827,0.005168047870874796,0.006,0.831952129125204,0.014186757594201679,4.054183507136433e-05,0.00020565175794913786,1.5365,21,True,False,False,True,0.17003999999724329
solimp_dmax,mujoco,3.12.0,0.5,16.0,1.0,0.9,0.9,implicitfast,Newton,100,0.9747563109222694,5,4.482274724280812,0.0055800726400425564,0.006,0.4199273599574437,0.019074054318874108,5.326615553410269e-05,0.00043449582324054227,1.977,21,True,False,False,True,0.16928116598865017
solimp_dmax,mujoco,3.12.0,0.5,16.0,1.0,0.95,0.95,implicitfast,Newton,100,0.9900024993751562,5,4.578305963480611,0.005790072121856303,0.006,0.209927878143697,0.011103906581760631,3.0390730375827457e-05,0.0002166669250229494,1.946,21,True,False,False,True,0.16989699998521246
solimp_dmax,mujoco,3.12.0,0.5,16.0,1.0,0.99,0.99,implicitfast,Newton,100,1.0302424393901524,12,5.2889417102706595,0.005958070406190075,0.006,0.04192959380992529,0.09330949113546949,2.5477040928312267e-06,4.157104430711909e-05,0.517,24,True,False,False,True,0.16823841599398293
solimp_dmax,mujoco,3.12.0,0.5,16.0,1.0,0.999,0.999,implicitfast,Newton,100,1.1322169457635591,13,5.033479484693426,0.006022336506753499,0.006,0.022336506753498943,0.4008979790808555,0.012176029366456342,0.01393695854674886,0.3405,21,True,False,False,True,0.1682603340013884
integrator_x_solver,mujoco,3.12.0,0.5,1.0,1.0,0.95,0.99,Euler,Newton,100,1.181954511372157,7,0.6524931077669797,0.005999197848983068,0.006,0.0008021510169318666,0.025421156576340375,0.00017782964657417355,2.9086260428695274e-05,1.172,13,True,True,False,False,0.16532095900038257
integrator_x_solver,mujoco,3.12.0,0.5,1.0,1.0,0.95,0.99,Euler,CG,100,13.674831292176956,74,0.6524931071654323,0.0059991988106345056,0.006,0.0008011893654945659,0.02542140569593196,0.00017787063348855686,2.9237359697424354e-05,1.171,13,True,True,False,False,0.19162600001436658
integrator_x_solver,mujoco,3.12.0,0.5,1.0,1.0,0.95,0.99,implicitfast,Newton,100,1.1807048237940514,7,0.6524931077705447,0.005999198718118599,0.006,0.0008012818814009601,0.025421179572979537,0.0001778173238514702,2.919008657957884e-05,1.169,13,True,True,False,False,0.16706312500173226
integrator_x_solver,mujoco,3.12.0,0.5,1.0,1.0,0.95,0.99,implicitfast,CG,100,13.177205698575357,57,0.6524931230318272,0.005999204214806504,0.006,0.0007957851934957752,0.025421125321523127,0.0001776857377119162,3.080096316733557e-05,1.169,13,True,True,False,False,0.19265237500076182
integrator_x_solver,mujoco,3.12.0,0.5,1.0,1.0,0.95,0.99,RK4,Newton,100,1.4663834041489627,4,0.6781073787690697,0.0059991945644991,0.006,0.0008054355009005226,0.006323816680078211,8.025859925264722e-05,1.2389028425536938e-05,0.199,13,True,True,False,False,0.39988641600939445
integrator_x_solver,mujoco,3.12.0,0.5,1.0,1.0,0.95,0.99,RK4,CG,100,14.89502624343914,64,0.6781073709654176,0.005999165370143135,0.006,0.0008346298568653529,0.00632378025549821,8.066142611392463e-05,1.2111512588583558e-05,0.199,13,True,True,False,False,0.4933978340122849
integrator_x_solver,mujoco,3.12.0,0.5,4.0,1.0,0.95,0.99,Euler,Newton,100,0.9792551862034491,5,2.060789309114082,0.005985852701143296,0.006,0.014147298856704085,0.001751417948158859,1.8548593996685347e-05,5.8139107458209635e-05,0.20650000000000002,13,True,True,False,False,0.1642357909877319
integrator_x_solver,mujoco,3.12.0,0.5,4.0,1.0,0.95,0.99,Euler,CG,100,10.518120469882529,75,2.0607893278749385,0.0059858523336011335,0.006,0.014147666398866589,0.0017514166995767605,1.984860097635488e-05,6.285727806421511e-05,0.20650000000000002,13,True,True,False,False,0.18249370800913312
integrator_x_solver,mujoco,3.12.0,0.5,4.0,1.0,0.95,0.99,implicitfast,Newton,100,0.9807548112971757,5,2.06078933690003,0.005985852700907447,0.006,0.014147299092552752,0.0017514125376300036,1.8551313441146633e-05,5.813012569947047e-05,0.20650000000000002,13,True,True,False,False,0.16640591699979268
integrator_x_solver,mujoco,3.12.0,0.5,4.0,1.0,0.95,0.99,implicitfast,CG,100,10.68707823044239,62,2.060789369276397,0.005985847816283152,0.006,0.014152183716848073,0.0017515563271587986,1.4274590558194244e-05,4.982758037795588e-05,0.20650000000000002,13,True,True,False,False,0.1835211249999702
integrator_x_solver,mujoco,3.12.0,0.5,4.0,1.0,0.95,0.99,RK4,Newton,100,0.9795051237190703,3,2.1970217867142416,0.005985852450053023,0.006,0.014147549946976791,0.0025018896750103824,6.357386106263518e-06,2.176586450094622e-05,0.209,13,True,True,False,False,0.3804135409882292
integrator_x_solver,mujoco,3.12.0,0.5,4.0,1.0,0.95,0.99,RK4,CG,100,10.775556110972257,72,2.1970217929655385,0.005985855038243815,0.006,0.014144961756184897,0.0025019182272995356,5.9413197738347745e-06,2.0683506777028723e-05,0.209,13,True,True,False,False,0.4441600000136532
integrator_x_solver,mujoco,3.12.0,0.5,16.0,1.0,0.95,0.99,Euler,Newton,100,1.0057485628592853,7,5.411489255165557,0.005773537151603128,0.006,0.22646284839687203,0.12344122035860647,2.9972741762487876e-05,0.00021486509271267454,1.897,24,True,False,False,True,0.1674914580071345
integrator_x_solver,mujoco,3.12.0,0.5,16.0,1.0,0.95,0.99,Euler,CG,100,9.429892526868283,81,5.4114899791596915,0.005773537102572077,0.006,0.22646289742792297,0.12344007924429887,2.932829534958714e-05,0.00020947506605633137,1.934,24,True,False,False,True,0.18020483400323428
integrator_x_solver,mujoco,3.12.0,0.5,16.0,1.0,0.95,0.99,implicitfast,Newton,100,1.020744813796551,7,5.4114630835543,0.00577353504713287,0.006,0.2264649528671298,0.12353730037497303,3.1233957913968935e-05,0.00021404238498778615,1.9155,24,True,False,False,True,0.16725012499955483
integrator_x_solver,mujoco,3.12.0,0.5,16.0,1.0,0.95,0.99,implicitfast,CG,100,9.428142964258935,92,5.411654135037672,0.00577352665391432,0.006,0.22647334608568054,0.12318006870609056,3.086259914124312e-05,0.0002101807220965446,1.961,24,True,False,False,True,0.18261104199336842
integrator_x_solver,mujoco,3.12.0,0.5,16.0,1.0,0.95,0.99,RK4,Newton,100,1.0039990002499375,8,5.584741556633673,0.00577354045088365,0.006,0.22645954911635052,0.04463604022230775,6.815659606140834e-06,4.3960279277193005e-05,0.292,25,True,False,False,True,0.38897674999316223
integrator_x_solver,mujoco,3.12.0,0.5,16.0,1.0,0.95,0.99,RK4,CG,100,9.448387903024244,100,5.5847425838875555,0.005773538852134299,0.006,0.22646114786570132,0.04463675033276215,6.349149452716807e-06,4.7940759610025236e-05,0.292,25,True,False,False,True,0.43122224998660386
